Cod_IBGE_Mun;Nome_Municipio;Sigla_UF;Eventos;Código Município IBGE;Valor Empenhado
1100015;Alta Floresta D`Oeste;RO;1;;0,0
1100023;Ariquemes;RO;1;;0,0
1100049;Cacoal;RO;2;;0,0
1100056;Cerejeiras;RO;1;;0,0
1100114;Jaru;RO;4;;0,0
1100122;Ji-Paraná;RO;4;;0,0
1100148;Nova Brasilândia D`Oeste;RO;1;;0,0
1100189;Pimenta Bueno;RO;2;;0,0
1100205;Porto Velho;RO;1;;0,0
1100262;Rio Crespo;RO;1;;0,0
1100338;Nova Mamoré;RO;1;;0,0
1100452;Buritis;RO;1;;0,0
1100700;Campo Novo de Rondônia;RO;1;;0,0
1101203;Ministro Andreazza;RO;1;;0,0
1101450;Parecis;RO;1;;0,0
1200054;Assis Brasil;AC;3;;0,0
1200104;Brasiléia;AC;3;;0,0
1200179;Capixaba;AC;2;;0,0
1200203;Cruzeiro do Sul;AC;2;;0,0
1200252;Epitaciolândia;AC;2;;0,0
1200302;Feijó;AC;4;;0,0
1200328;Jordão;AC;1;;0,0
1200336;Mâncio Lima;AC;4;;0,0
1200344;Manoel Urbano;AC;2;;0,0
1200351;Marechal Thaumaturgo;AC;2;;0,0
1200385;Plácido de Castro;AC;3;;0,0
1200393;Porto Walter;AC;1;;0,0
1200401;Rio Branco;AC;5;;0,0
1200427;Rodrigues Alves;AC;3;;0,0
1200435;Santa Rosa do Purus;AC;3;;0,0
1200500;Sena Madureira;AC;2;;0,0
1200609;Tarauacá;AC;8;;0,0
1200708;Xapuri;AC;2;;0,0
1200807;Porto Acre;AC;4;;0,0
1300029;Alvarães;AM;1;;0,0
1300060;Amaturá;AM;1;;0,0
1300086;Anamã;AM;1;;0,0
1300102;Anori;AM;1;;0,0
1300144;Apuí;AM;1;;0,0
1300201;Atalaia do Norte;AM;1;;0,0
1300409;Barcelos;AM;1;;0,0
1300508;Barreirinha;AM;2;;0,0
1300607;Benjamin Constant;AM;1;;0,0
1300631;Beruri;AM;1;;0,0
1300680;Boa Vista do Ramos;AM;2;;0,0
1300706;Boca do Acre;AM;3;;0,0
1300805;Borba;AM;3;;0,0
1300839;Caapiranga;AM;1;;0,0
1301001;Carauari;AM;1;;0,0
1301100;Careiro;AM;1;;0,0
1301159;Careiro da Várzea;AM;1;;0,0
1301209;Coari;AM;1;;0,0
1301407;Eirunepé;AM;3;;0,0
1301506;Envira;AM;1;;0,0
1301605;Fonte Boa;AM;3;;0,0
1301654;Guajará;AM;2;;0,0
1301704;Humaitá;AM;2;;0,0
1301803;Ipixuna;AM;1;;0,0
1301852;Iranduba;AM;1;;0,0
1301902;Itacoatiara;AM;2;;0,0
1301951;Itamarati;AM;1;;0,0
1302009;Itapiranga;AM;1;;0,0
1302108;Japurá;AM;2;;0,0
1302207;Juruá;AM;1;;0,0
1302306;Jutaí;AM;2;;0,0
1302504;Manacapuru;AM;3;;0,0
1302553;Manaquiri;AM;2;;0,0
1302603;Manaus;AM;2;;0,0
1302702;Manicoré;AM;1;;0,0
1302801;Maraã;AM;2;;0,0
1303106;Nova Olinda do Norte;AM;1;;0,0
1303304;Novo Aripuanã;AM;1;;0,0
1303403;Parintins;AM;2;;0,0
1303536;Presidente Figueiredo;AM;2;;0,0
1303569;Rio Preto da Eva;AM;1;;0,0
1303601;Santa Isabel do Rio Negro;AM;1;;0,0
1303700;Santo Antônio do Içá;AM;1;;0,0
1303908;São Paulo de Olivença;AM;1;;0,0
1304203;Tefé;AM;3;;0,0
1304237;Tonantins;AM;1;;0,0
1304260;Uarini;AM;1;;0,0
1304401;Urucurituba;AM;1;;0,0
1400175;Cantá;RR;1;;0,0
1400209;Caracaraí;RR;1;;0,0
1400456;Pacaraima;RR;1;;0,0
1400704;Uiramutã;RR;1;;0,0
1500107;Abaetetuba;PA;2;;0,0
1500206;Acará;PA;3;;0,0
1500347;Água Azul do Norte;PA;2;;0,0
1500404;Alenquer;PA;7;;0,0
1500503;Almeirim;PA;1;;0,0
1500602;Altamira;PA;6;;0,0
1500800;Ananindeua;PA;1;;0,0
1500859;Anapu;PA;2;;0,0
1500958;Aurora do Pará;PA;6;;0,0
1501006;Aveiro;PA;2;;0,0
1501105;Bagre;PA;2;;0,0
1501204;Baião;PA;3;;0,0
1501253;Bannach;PA;3;;0,0
1501402;Belém;PA;3;;0,0
1501451;Belterra;PA;3;;0,0
1501576;Bom Jesus do Tocantins;PA;2;;0,0
1501600;Bonito;PA;2;;0,0
1501782;Breu Branco;PA;2;;0,0
1501808;Breves;PA;3;;0,0
1501907;Bujaru;PA;3;;0,0
1501956;Cachoeira do Piriá;PA;2;;0,0
1502004;Cachoeira do Arari;PA;4;;0,0
1502103;Cametá;PA;2;;0,0
1502202;Capanema;PA;2;;0,0
1502301;Capitão Poço;PA;2;;0,0
1502400;Castanhal;PA;2;;0,0
1502509;Chaves;PA;1;;0,0
1502608;Colares;PA;2;;0,0
1502756;Concórdia do Pará;PA;3;;0,0
1502764;Cumaru do Norte;PA;1;;0,0
1502806;Curralinho;PA;2;;0,0
1502855;Curuá;PA;4;;0,0
1502939;Dom Eliseu;PA;3;;0,0
1502954;Eldorado dos Carajás;PA;3;;0,0
1503002;Faro;PA;1;;0,0
1503077;Garrafão do Norte;PA;1;;0,0
1503093;Goianésia do Pará;PA;3;;0,0
1503200;Igarapé-Açu;PA;1;;0,0
1503457;Ipixuna do Pará;PA;3;;0,0
1503507;Irituia;PA;4;;0,0
1503606;Itaituba;PA;3;;0,0
1503705;Itupiranga;PA;2;;0,0
1503754;Jacareacanga;PA;4;;0,0
1503804;Jacundá;PA;1;;0,0
1503903;Juruti;PA;8;;0,0
1504000;Limoeiro do Ajuru;PA;2;;0,0
1504059;Mãe do Rio;PA;3;;0,0
1504109;Magalhães Barata;PA;1;;0,0
1504208;Marabá;PA;3;;0,0
1504307;Maracanã;PA;9;;0,0
1504406;Marapanim;PA;2;;0,0
1504455;Medicilândia;PA;2;;0,0
1504604;Mocajuba;PA;2;;0,0
1504703;Moju;PA;1;;0,0
1504752;Mojuí dos Campos;PA;3;;0,0
1504802;Monte Alegre;PA;7;;0,0
1504901;Muaná;PA;2;;0,0
1504950;Nova Esperança do Piriá;PA;1;;0,0
1504976;Nova Ipixuna;PA;2;;0,0
1505031;Novo Progresso;PA;4;;0,0
1505064;Novo Repartimento;PA;3;;0,0
1505106;Óbidos;PA;12;;0,0
1505205;Oeiras do Pará;PA;2;;0,0
1505304;Oriximiná;PA;21;;0,0
1505403;Ourém;PA;2;;0,0
1505437;Ourilândia do Norte;PA;1;;0,0
1505486;Pacajá;PA;3;;0,0
1505494;Palestina do Pará;PA;2;;0,0
1505502;Paragominas;PA;5;;0,0
1505536;Parauapebas;PA;7;;0,0
1505551;Pau D`Arco;PA;3;;0,0
1505650;Placas;PA;3;;0,0
1505700;Ponta de Pedras;PA;2;;0,0
1505809;Portel;PA;2;;0,0
1505908;Porto de Moz;PA;2;;0,0
1506005;Prainha;PA;10;;0,0
1506112;Quatipuru;PA;1;;0,0
1506161;Rio Maria;PA;4;;0,0
1506187;Rondon do Pará;PA;7;;0,0
1506195;Rurópolis;PA;5;;0,0
1506302;Salvaterra;PA;4;;0,0
1506500;Santa Isabel do Pará;PA;1;;0,0
1506559;Santa Luzia do Pará;PA;3;;0,0
1506609;Santa Maria do Pará;PA;1;;0,0
1506807;Santarém;PA;9;;0,0
1506906;Santarém Novo;PA;1;;0,0
1507003;Santo Antônio do Tauá;PA;1;;0,0
1507151;São Domingos do Araguaia;PA;1;;0,0
1507201;São Domingos do Capim;PA;2;;0,0
1507300;São Félix do Xingu;PA;2;;0,0
1507458;São Geraldo do Araguaia;PA;2;;0,0
1507508;São João do Araguaia;PA;2;;0,0
1507607;São Miguel do Guamá;PA;4;;0,0
1507755;Sapucaia;PA;1;;0,0
1507805;Senador José Porfírio;PA;1;;0,0
1507904;Soure;PA;1;;0,0
1507961;Terra Alta;PA;2;;0,0
1507979;Terra Santa;PA;3;;0,0
1508001;Tomé-Açu;PA;2;;0,0
1508050;Trairão;PA;2;;0,0
1508084;Tucumã;PA;4;;0,0
1508100;Tucuruí;PA;3;;0,0
1508126;Ulianópolis;PA;4;;0,0
1508159;Uruará;PA;4;;0,0
1508209;Vigia;PA;1;;0,0
1508308;Viseu;PA;1;;0,0
1508357;Vitória do Xingu;PA;4;;0,0
1508407;Xinguara;PA;7;;0,0
1600105;Amapá;AP;1;;0,0
1600204;Calçoene;AP;3;;0,0
1600303;Macapá;AP;2;;0,0
1600402;Mazagão;AP;1;;0,0
1600550;Pracuúba;AP;1;;0,0
1600600;Santana;AP;1;;0,0
1600709;Tartarugalzinho;AP;3;;0,0
1600808;Vitória do Jari;AP;1;;0,0
1702109;Araguaína;TO;1;;0,0
1702158;Araguanã;TO;1;;0,0
1708205;Formoso do Araguaia;TO;2;;0,0
1709302;Guaraí;TO;1;;0,0
1710508;Itacajá;TO;1;;0,0
1711902;Lagoa da Confusão;TO;1;;0,0
2100055;Açailândia;MA;3;;0,0
2100105;Afonso Cunha;MA;3;;0,0
2100477;Alto Alegre do Pindaré;MA;3;;0,0
2100808;Anapurus;MA;1;;0,0
2100956;Arame;MA;2;;0,0
2101004;Arari;MA;3;;0,0
2101202;Bacabal;MA;2;;0,0
2101301;Bacuri;MA;1;;0,0
2101350;Bacurituba;MA;1;;0,0
2101608;Barra do Corda;MA;3;;0,0
2101707;Barreirinhas;MA;3;;0,0
2101970;Boa Vista do Gurupi;MA;2;;0,0
2102002;Bom Jardim;MA;2;;0,0
2102200;Buriti;MA;2;;0,0
2102309;Buriti Bravo;MA;1;;0,0
2102325;Buriticupu;MA;4;;0,0
2102374;Cachoeira Grande;MA;2;;0,0
2102507;Cajari;MA;2;;0,0
2102705;Cantanhede;MA;2;;0,0
2102903;Carutapera;MA;1;;0,0
2103174;Centro Novo do Maranhão;MA;1;;0,0
2103307;Codó;MA;3;;0,0
2103505;Colinas;MA;2;;0,0
2103554;Conceição do Lago-Açu;MA;3;;0,0
2103604;Coroatá;MA;1;;0,0
2103703;Cururupu;MA;1;;0,0
2103901;Duque Bacelar;MA;1;;0,0
2104008;Esperantinópolis;MA;1;;0,0
2104099;Formosa da Serra Negra;MA;2;;0,0
2104206;Fortuna;MA;1;;0,0
2104305;Godofredo Viana;MA;1;;0,0
2104677;Governador Nunes Freire;MA;3;;0,0
2104701;Graça Aranha;MA;1;;0,0
2104800;Grajaú;MA;3;;0,0
2104909;Guimarães;MA;1;;0,0
2105104;Icatu;MA;2;;0,0
2105153;Igarapé do Meio;MA;1;;0,0
2105203;Igarapé Grande;MA;1;;0,0
2105302;Imperatriz;MA;1;;0,0
2105351;Itaipava do Grajaú;MA;2;;0,0
2105401;Itapecuru Mirim;MA;2;;0,0
2105427;Itinga do Maranhão;MA;1;;0,0
2105476;Jenipapo dos Vieiras;MA;2;;0,0
2105609;Joselândia;MA;1;;0,0
2105708;Lago da Pedra;MA;2;;0,0
2105963;Lagoa Grande do Maranhão;MA;2;;0,0
2106003;Lima Campos;MA;1;;0,0
2106359;Marajá do Sena;MA;1;;0,0
2106508;Matinha;MA;1;;0,0
2106631;Matões do Norte;MA;2;;0,0
2106805;Mirinzal;MA;2;;0,0
2106904;Monção;MA;4;;0,0
2107209;Nina Rodrigues;MA;2;;0,0
2107456;Olinda Nova do Maranhão;MA;1;;0,0
2107506;Paço do Lumiar;MA;2;;0,0
2107605;Palmeirândia;MA;3;;0,0
2108207;Pedreiras;MA;1;;0,0
2108256;Pedro do Rosário;MA;3;;0,0
2108306;Penalva;MA;1;;0,0
2108405;Peri Mirim;MA;3;;0,0
2108454;Peritoró;MA;1;;0,0
2108504;Pindaré-Mirim;MA;3;;0,0
2108603;Pinheiro;MA;1;;0,0
2108801;Pirapemas;MA;1;;0,0
2108900;Poção de Pedras;MA;2;;0,0
2109205;Presidente Juscelino;MA;1;;0,0
2109270;Presidente Sarney;MA;1;;0,0
2109304;Presidente Vargas;MA;2;;0,0
2109452;Raposa;MA;3;;0,0
2109601;Rosário;MA;3;;0,0
2109809;Santa Helena;MA;1;;0,0
2109908;Santa Inês;MA;3;;0,0
2110005;Santa Luzia;MA;2;;0,0
2110302;Santo Antônio dos Lopes;MA;1;;0,0
2110401;São Benedito do Rio Preto;MA;2;;0,0
2110500;São Bento;MA;3;;0,0
2110609;São Bernardo;MA;1;;0,0
2111003;São João Batista;MA;2;;0,0
2111029;São João do Carú;MA;1;;0,0
2111078;São João do Soter;MA;2;;0,0
2111201;São José de Ribamar;MA;1;;0,0
2111300;São Luís;MA;2;;0,0
2111409;São Luís Gonzaga do Maranhão;MA;1;;0,0
2111508;São Mateus do Maranhão;MA;1;;0,0
2111532;São Pedro da Água Branca;MA;1;;0,0
2111672;São Roberto;MA;2;;0,0
2111706;São Vicente Ferrer;MA;1;;0,0
2111722;Satubinha;MA;2;;0,0
2111789;Serrano do Maranhão;MA;1;;0,0
2112209;Timon;MA;1;;0,0
2112233;Trizidela do Vale;MA;2;;0,0
2112274;Tufilândia;MA;1;;0,0
2112308;Tuntum;MA;2;;0,0
2112456;Turilândia;MA;2;;0,0
2112506;Tutóia;MA;4;;0,0
2112704;Vargem Grande;MA;1;;0,0
2112803;Viana;MA;2;;0,0
2112902;Vitória do Mearim;MA;2;;0,0
2114007;Zé Doca;MA;1;;0,0
2200905;Aroazes;PI;1;;0,0
2201200;Barras;PI;2;;0,0
2201309;Barreiras do Piauí;PI;1;;0,0
2201507;Batalha;PI;2;;0,0
2202174;Campo Largo do Piauí;PI;1;;0,0
2202554;Caridade do Piauí;PI;1;;0,0
2203230;Currais;PI;1;;0,0
2203420;Domingos Mourão;PI;2;;0,0
2203701;Esperantina;PI;1;;0,0
2205003;Itainópolis;PI;1;;0,0
2205805;Luzilândia;PI;1;;0,0
2207900;Pedro II;PI;2;;0,0
2208007;Picos;PI;9;;0,0
2208403;Piripiri;PI;2;;0,0
2209153;Santa Cruz dos Milagres;PI;1;;0,0
2209955;São João da Varjota;PI;1;;0,0
2210375;São Luis do Piauí;PI;1;;0,0
2211001;Teresina;PI;1;;0,0
2211209;Uruçuí;PI;1;;0,0
2211506;Vera Mendes;PI;1;;0,0
2300309;Acopiara;CE;2;;0,0
2300606;Altaneira;CE;1;;0,0
2300804;Antonina do Norte;CE;1;;0,0
2301000;Aquiraz;CE;1;;0,0
2301208;Aracoiaba;CE;1;;0,0
2301257;Ararendá;CE;1;;0,0
2301406;Aratuba;CE;2;;0,0
2301950;Barreira;CE;1;;0,0
2302909;Capistrano;CE;3;;0,0
2303501;Cascavel;CE;1;;0,0
2303709;Caucaia;CE;2;;0,0
2304103;Crateús;CE;1;;0,0
2304202;Crato;CE;3;;0,0
2304269;Deputado Irapuan Pinheiro;CE;1;;0,0
2304301;Farias Brito;CE;1;;0,0
2304400;Fortaleza;CE;1;2304400;250000,0
2305100;Guaramiranga;CE;1;;0,0
2305266;Ibaretama;CE;1;;0,0
2305605;Independência;CE;1;;0,0
2306108;Irauçuba;CE;5;;0,0
2306306;Itapajé;CE;2;;0,0
2306405;Itapipoca;CE;1;;0,0
2307502;Lavras da Mangabeira;CE;1;;0,0
2307601;Limoeiro do Norte;CE;1;;0,0
2308005;Massapê;CE;1;;0,0
2308203;Meruoca;CE;1;;0,0
2308351;Milhã;CE;1;;0,0
2308401;Missão Velha;CE;2;;0,0
2308500;Mombaça;CE;1;;0,0
2309300;Nova Russas;CE;3;;0,0
2309706;Pacatuba;CE;1;;0,0
2310258;Paraipaba;CE;7;;0,0
2310506;Pedra Branca;CE;1;;0,0
2310605;Penaforte;CE;1;;0,0
2310852;Pindoretama;CE;1;;0,0
2310902;Piquet Carneiro;CE;1;;0,0
2311009;Poranga;CE;2;;0,0
2311108;Porteiras;CE;1;;0,0
2311405;Quixeramobim;CE;1;;0,0
2311504;Quixeré;CE;1;;0,0
2311603;Redenção;CE;3;;0,0
2312205;Santa Quitéria;CE;1;;0,0
2312304;São Benedito;CE;1;;0,0
2312403;São Gonçalo do Amarante;CE;1;;0,0
2312700;Senador Pompeu;CE;1;;0,0
2312908;Sobral;CE;2;;0,0
2313104;Tabuleiro do Norte;CE;1;;0,0
2313559;Tururu;CE;1;;0,0
2313757;Umirim;CE;1;;0,0
2313807;Uruburetama;CE;17;;0,0
2314003;Várzea Alegre;CE;1;;0,0
2400307;Afonso Bezerra;RN;2;;0,0
2400505;Alexandria;RN;1;;0,0
2400604;Almino Afonso;RN;1;;0,0
2400802;Angicos;RN;1;;0,0
2401008;Apodi;RN;2;;0,0
2401404;Baía Formosa;RN;1;;0,0
2401909;Caiçara do Rio do Vento;RN;2;;0,0
2402006;Caicó;RN;1;;0,0
2402204;Canguaretama;RN;11;;0,0
2402303;Caraúbas;RN;1;;0,0
2402600;Ceará-Mirim;RN;1;;0,0
2402709;Cerro Corá;RN;1;;0,0
2402808;Coronel Ezequiel;RN;1;;0,0
2402907;Coronel João Pessoa;RN;1;;0,0
2403202;Doutor Severiano;RN;2;;0,0
2403251;Parnamirim;RN;4;;0,0
2403608;Extremoz;RN;2;;0,0
2403707;Felipe Guerra;RN;1;;0,0
2404200;Goianinha;RN;1;;0,0
2404606;Ielmo Marinho;RN;1;;0,0
2404705;Ipanguaçu;RN;4;;0,0
2404853;Itajá;RN;1;;0,0
2405207;Janduís;RN;1;;0,0
2405306;Boa Saúde;RN;2;;0,0
2405504;Jardim de Angicos;RN;1;;0,0
2406106;Jucurutu;RN;2;;0,0
2406304;Lagoa de Pedras;RN;1;;0,0
2406502;Lagoa Nova;RN;1;;0,0
2406700;Lajes;RN;1;;0,0
2406809;Lajes Pintadas;RN;1;;0,0
2407104;Macaíba;RN;1;;0,0
2407500;Maxaranguape;RN;5;;0,0
2407807;Monte Alegre;RN;1;;0,0
2408003;Mossoró;RN;1;;0,0
2408102;Natal;RN;4;2408102;5750000,0
2408201;Nísia Floresta;RN;2;;0,0
2408300;Nova Cruz;RN;2;;0,0
2408904;Parelhas;RN;1;;0,0
2408953;Rio do Fogo;RN;1;;0,0
2409332;Santa Maria;RN;2;;0,0
2409506;Pedra Grande;RN;1;;0,0
2409704;Pedro Avelino;RN;1;;0,0
2409803;Pedro Velho;RN;1;;0,0
2410256;Porto do Mangue;RN;1;;0,0
2410900;Riachuelo;RN;1;;0,0
2411205;Santa Cruz;RN;1;;0,0
2411403;Santana do Matos;RN;1;;0,0
2412203;São José de Mipibu;RN;3;;0,0
2412559;São Miguel do Gostoso;RN;1;;0,0
2412807;São Rafael;RN;1;;0,0
2412906;São Tomé;RN;2;;0,0
2413508;Serrinha;RN;1;;0,0
2413805;Taboleiro Grande;RN;1;;0,0
2413904;Taipu;RN;1;;0,0
2414159;Tenente Laurentino Cruz;RN;1;;0,0
2414308;Timbaúba dos Batistas;RN;1;;0,0
2414407;Touros;RN;2;;0,0
2414456;Triunfo Potiguar;RN;1;;0,0
2414605;Upanema;RN;2;;0,0
2414753;Venha-Ver;RN;1;;0,0
2501401;Baía da Traição;PB;1;;0,0
2504009;Campina Grande;PB;1;2504009;500000,0
2504405;Conceição;PB;1;;0,0
2504603;Conde;PB;1;;0,0
2506608;Ibiara;PB;1;;0,0
2508604;Lucena;PB;1;;0,0
2508901;Mamanguape;PB;1;;0,0
2509305;Mataraca;PB;1;;0,0
2600054;Abreu e Lima;PE;16;;0,0
2600401;Água Preta;PE;1;;0,0
2600906;Amaraji;PE;11;;0,0
2601003;Angelim;PE;1;;0,0
2601409;Barreiros;PE;3;;0,0
2601508;Belém de Maria;PE;1;;0,0
2601904;Bezerros;PE;1;;0,0
2602100;Bom Conselho;PE;1;;0,0
2602308;Bonito;PE;2;;0,0
2602605;Brejo da Madre de Deus;PE;4;;0,0
2603454;Camaragibe;PE;4;;0,0
2604106;Caruaru;PE;1;;0,0
2604205;Catende;PE;1;;0,0
2604700;Correntes;PE;2;;0,0
2604809;Cortês;PE;2;;0,0
2605905;Gameleira;PE;3;;0,0
2606200;Goiana;PE;2;;0,0
2606804;Igarassu;PE;1;;0,0
2607109;Ingazeira;PE;1;;0,0
2607208;Ipojuca;PE;47;;0,0
2607307;Ipubi;PE;1;;0,0
2607505;Itaíba;PE;1;;0,0
2607604;Ilha de Itamaracá;PE;2;;0,0
2607752;Itapissuma;PE;1;2607752;500000,0
2607901;Jaboatão dos Guararapes;PE;2;2607901;5000000,0
2607950;Jaqueira;PE;3;;0,0
2608008;Jataúba;PE;1;;0,0
2608206;Joaquim Nabuco;PE;4;;0,0
2609154;Manari;PE;1;;0,0
2609204;Maraial;PE;1;;0,0
2610004;Palmares;PE;1;;0,0
2610400;Parnamirim;PE;1;;0,0
2610509;Passira;PE;1;;0,0
2610707;Paulista;PE;1;;0,0
2611101;Petrolina;PE;5;;0,0
2611408;Primavera;PE;8;;0,0
2611507;Quipapá;PE;2;;0,0
2611705;Riacho das Almas;PE;1;;0,0
2611804;Ribeirão;PE;3;;0,0
2611903;Rio Formoso;PE;1;;0,0
2612505;Santa Cruz do Capibaribe;PE;1;;0,0
2612901;São Benedito do Sul;PE;4;;0,0
2613206;São João;PE;1;;0,0
2613404;São José da Coroa Grande;PE;2;;0,0
2613701;São Lourenço da Mata;PE;1;;0,0
2613800;São Vicente Ferrer;PE;1;;0,0
2614105;Sertânia;PE;1;;0,0
2614857;Tamandaré;PE;6;;0,0
2615003;Taquaritinga do Norte;PE;2;;0,0
2615300;Timbaúba;PE;1;;0,0
2615607;Trindade;PE;1;;0,0
2615706;Triunfo;PE;1;;0,0
2616308;Vicência;PE;2;;0,0
2616506;Xexéu;PE;2;;0,0
2700409;Atalaia;AL;1;;0,0
2700508;Barra de Santo Antônio;AL;1;;0,0
2700607;Barra de São Miguel;AL;1;;0,0
2701100;Branquinha;AL;1;;0,0
2701308;Cajueiro;AL;1;;0,0
2701704;Capela;AL;1;;0,0
2702108;Colônia Leopoldina;AL;1;;0,0
2702207;Coqueiro Seco;AL;2;;0,0
2703007;Ibateguara;AL;1;;0,0
2703205;Igreja Nova;AL;1;;0,0
2703502;Jacuípe;AL;1;;0,0
2703759;Jequiá da Praia;AL;2;;0,0
2703809;Joaquim Gomes;AL;1;;0,0
2703908;Jundiá;AL;1;;0,0
2704302;Maceió;AL;1;;0,0
2704500;Maragogi;AL;1;;0,0
2704708;Marechal Deodoro;AL;2;;0,0
2705101;Matriz de Camaragibe;AL;1;;0,0
2705507;Murici;AL;2;;0,0
2706448;Paripueira;AL;1;;0,0
2706505;Passo de Camaragibe;AL;2;;0,0
2706703;Penedo;AL;1;;0,0
2706901;Pilar;AL;1;;0,0
2707305;Porto Calvo;AL;1;;0,0
2707602;Quebrangulo;AL;1;;0,0
2707701;Rio Largo;AL;2;;0,0
2707909;Santa Luzia do Norte;AL;1;;0,0
2708105;Santana do Mundaú;AL;1;;0,0
2708303;São José da Laje;AL;2;;0,0
2708501;São Luís do Quitunde;AL;2;;0,0
2708600;São Miguel dos Campos;AL;1;;0,0
2708709;São Miguel dos Milagres;AL;2;;0,0
2708907;Satuba;AL;3;;0,0
2709301;União dos Palmares;AL;1;;0,0
2709400;Viçosa;AL;1;;0,0
2800308;Aracaju;SE;5;;0,0
2800506;Areia Branca;SE;1;;0,0
2800605;Barra dos Coqueiros;SE;4;;0,0
2801009;Campo do Brito;SE;1;;0,0
2801207;Canindé de São Francisco;SE;1;;0,0
2801306;Capela;SE;1;;0,0
2802106;Estância;SE;3;;0,0
2802304;Frei Paulo;SE;1;;0,0
2802700;Ilha das Flores;SE;1;;0,0
2803500;Lagarto;SE;1;;0,0
2803609;Laranjeiras;SE;1;;0,0
2804003;Maruim;SE;2;;0,0
2804409;Neópolis;SE;1;;0,0
2804805;Nossa Senhora do Socorro;SE;1;;0,0
2805505;Poço Verde;SE;1;;0,0
2805703;Propriá;SE;3;;0,0
2806503;Santa Rosa de Lima;SE;1;;0,0
2806701;São Cristóvão;SE;3;;0,0
2901106;Amélia Rodrigues;BA;2;;0,0
2901205;Anagé;BA;1;;0,0
2901353;Andorinha;BA;2;;0,0
2901700;Antônio Cardoso;BA;1;;0,0
2902104;Araci;BA;1;;0,0
2902401;Aurelino Leal;BA;1;;0,0
2902609;Baixa Grande;BA;1;;0,0
2902708;Barra;BA;1;;0,0
2903409;Belmonte;BA;1;;0,0
2903706;Boa Nova;BA;1;;0,0
2903805;Boa Vista do Tupim;BA;1;;0,0
2903904;Bom Jesus da Lapa;BA;1;;0,0
2904308;Brejões;BA;2;;0,0
2904605;Brumado;BA;2;;0,0
2905206;Caetité;BA;3;;0,0
2905404;Cairu;BA;1;;0,0
2905602;Camacan;BA;1;;0,0
2906303;Canavieiras;BA;2;;0,0
2906808;Cansanção;BA;3;;0,0
2906824;Canudos;BA;1;;0,0
2907806;Cícero Dantas;BA;6;;0,0
2908002;Coaraci;BA;1;;0,0
2908606;Conde;BA;1;;0,0
2908705;Condeúba;BA;1;;0,0
2908804;Contendas do Sincorá;BA;2;;0,0
2909406;Cotegipe;BA;2;;0,0
2909505;Cravolândia;BA;1;;0,0
2910008;Dário Meira;BA;4;;0,0
2910404;Encruzilhada;BA;1;;0,0
2910503;Entre Rios;BA;3;;0,0
2910909;Firmino Alves;BA;2;;0,0
2911006;Floresta Azul;BA;1;;0,0
2911204;Gandu;BA;1;;0,0
2911857;Heliópolis;BA;1;;0,0
2912103;Ibicaraí;BA;1;;0,0
2912301;Ibicuí;BA;1;;0,0
2912707;Ibirapitanga;BA;1;;0,0
2912905;Ibirataia;BA;1;;0,0
2913408;Igaporã;BA;1;;0,0
2913507;Iguaí;BA;1;;0,0
2913606;Ilhéus;BA;3;;0,0
2914703;Itaberaba;BA;1;;0,0
2914901;Itacaré;BA;1;;0,0
2915403;Itaju do Colônia;BA;1;;0,0
2915502;Itajuípe;BA;1;;0,0
2915700;Itamari;BA;1;;0,0
2915809;Itambé;BA;1;;0,0
2916302;Itapebi;BA;3;;0,0
2916401;Itapetinga;BA;1;;0,0
2916500;Itapicuru;BA;1;;0,0
2916807;Itarantim;BA;1;;0,0
2916906;Itiruçu;BA;1;;0,0
2917003;Itiúba;BA;1;;0,0
2917102;Itororó;BA;2;;0,0
2917508;Jacobina;BA;4;;0,0
2917607;Jaguaquara;BA;1;;0,0
2917706;Jaguarari;BA;1;;0,0
2918001;Jequié;BA;1;;0,0
2918100;Jeremoabo;BA;1;;0,0
2918407;Juazeiro;BA;2;;0,0
2918753;Lagoa Real;BA;1;;0,0
2919058;Lajedo do Tabocal;BA;1;;0,0
2919207;Lauro de Freitas;BA;1;;0,0
2919306;Lençóis;BA;1;;0,0
2919405;Licínio de Almeida;BA;1;;0,0
2919553;Luís Eduardo Magalhães;BA;1;;0,0
2919801;Macaúbas;BA;1;;0,0
2920007;Maiquinique;BA;3;;0,0
2920452;Mansidão;BA;1;;0,0
2921104;Medeiros Neto;BA;4;;0,0
2921203;Miguel Calmon;BA;1;;0,0
2921302;Milagres;BA;1;;0,0
2921450;Mirante;BA;1;;0,0
2921500;Monte Santo;BA;1;;0,0
2921906;Mucugê;BA;2;;0,0
2922250;Muquém do São Francisco;BA;2;;0,0
2922409;Mutuípe;BA;1;;0,0
2922706;Nova Canaã;BA;1;;0,0
2923902;Pau Brasil;BA;2;;0,0
2924009;Paulo Afonso;BA;1;;0,0
2924207;Pedro Alexandre;BA;1;;0,0
2925303;Porto Seguro;BA;2;;0,0
2925808;Queimadas;BA;1;;0,0
2925907;Quijingue;BA;1;;0,0
2926301;Riachão do Jacuípe;BA;1;;0,0
2926509;Ribeira do Amparo;BA;1;;0,0
2926608;Ribeira do Pombal;BA;3;;0,0
2927002;Rio Real;BA;2;;0,0
2927606;Santa Brígida;BA;1;;0,0
2927705;Santa Cruz Cabrália;BA;3;;0,0
2928000;Santaluz;BA;2;;0,0
2928059;Santa Luzia;BA;1;;0,0
2928109;Santa Maria da Vitória;BA;1;;0,0
2928208;Santana;BA;2;;0,0
2928604;Santo Amaro;BA;1;;0,0
2928950;São Domingos;BA;1;;0,0
2929404;São Miguel das Matas;BA;3;;0,0
2929750;Saubara;BA;1;;0,0
2930154;Serra do Ramalho;BA;1;;0,0
2930709;Simões Filho;BA;1;;0,0
2930758;Sítio do Mato;BA;1;;0,0
2930774;Sobradinho;BA;1;;0,0
2931004;Tanhaçu;BA;1;;0,0
2932101;Ubaíra;BA;2;;0,0
2932309;Ubatã;BA;1;;0,0
2932705;Uruçuca;BA;2;;0,0
2932903;Valença;BA;2;;0,0
2933406;Wagner;BA;1;;0,0
2933455;Wanderley;BA;2;;0,0
3100302;Abre Campo;MG;1;;0,0
3100401;Acaiaca;MG;3;;0,0
3100500;Açucena;MG;3;;0,0
3100609;Água Boa;MG;6;;0,0
3100906;Águas Formosas;MG;2;;0,0
3101003;Águas Vermelhas;MG;1;;0,0
3101102;Aimorés;MG;1;;0,0
3101508;Além Paraíba;MG;1;;0,0
3101607;Alfenas;MG;5;;0,0
3101631;Alfredo Vasconcelos;MG;2;;0,0
3101706;Almenara;MG;3;;0,0
3102100;Alto Rio Doce;MG;1;;0,0
3102308;Alvinópolis;MG;3;;0,0
3102407;Alvorada de Minas;MG;3;;0,0
3102506;Amparo do Serra;MG;1;;0,0
3102704;Cachoeira de Pajeú;MG;2;;0,0
3102852;Angelândia;MG;2;;0,0
3102902;Antônio Carlos;MG;1;;0,0
3103009;Antônio Dias;MG;1;;0,0
3103405;Araçuaí;MG;3;;0,0
3103504;Araguari;MG;3;;0,0
3103603;Arantina;MG;1;;0,0
3103702;Araponga;MG;1;;0,0
3104007;Araxá;MG;4;;0,0
3104403;Argirita;MG;1;;0,0
3104452;Aricanduva;MG;1;;0,0
3104502;Arinos;MG;2;;0,0
3104601;Astolfo Dutra;MG;2;;0,0
3104700;Ataléia;MG;3;;0,0
3104809;Augusto de Lima;MG;1;;0,0
3104908;Baependi;MG;1;;0,0
3105202;Bandeira;MG;2;;0,0
3105301;Bandeira do Sul;MG;1;;0,0
3105509;Barão de Monte Alto;MG;1;;0,0
3105608;Barbacena;MG;8;;0,0
3105707;Barra Longa;MG;1;;0,0
3105905;Barroso;MG;1;;0,0
3106309;Belo Oriente;MG;1;;0,0
3106507;Berilo;MG;2;;0,0
3106606;Bertópolis;MG;1;;0,0
3107406;Bom Despacho;MG;2;;0,0
3107802;Bom Jesus do Galho;MG;1;;0,0
3108255;Bonito de Minas;MG;1;;0,0
3108503;Botumirim;MG;1;;0,0
3108602;Brasília de Minas;MG;1;;0,0
3108800;Braúnas;MG;1;;0,0
3108909;Brasópolis;MG;2;;0,0
3109006;Brumadinho;MG;1;;0,0
3109105;Bueno Brandão;MG;1;;0,0
3109204;Buenópolis;MG;1;;0,0
3109253;Bugre;MG;1;;0,0
3109303;Buritis;MG;1;;0,0
3109600;Cachoeira da Prata;MG;1;;0,0
3110103;Caiana;MG;1;;0,0
3110301;Caldas;MG;2;;0,0
3110509;Camanducaia;MG;2;;0,0
3110608;Cambuí;MG;3;;0,0
3110707;Cambuquira;MG;1;;0,0
3110806;Campanário;MG;2;;0,0
3110905;Campanha;MG;3;;0,0
3111150;Campo Azul;MG;1;;0,0
3111200;Campo Belo;MG;3;;0,0
3111408;Campo Florido;MG;3;;0,0
3111507;Campos Altos;MG;1;;0,0
3111606;Campos Gerais;MG;1;;0,0
3111804;Canápolis;MG;1;;0,0
3111903;Cana Verde;MG;2;;0,0
3112000;Candeias;MG;2;;0,0
3112109;Caparaó;MG;1;;0,0
3112307;Capelinha;MG;1;;0,0
3112406;Capetinga;MG;1;;0,0
3112604;Capinópolis;MG;4;;0,0
3112653;Capitão Andrade;MG;1;;0,0
3112802;Capitólio;MG;3;;0,0
3113008;Caraí;MG;2;;0,0
3113107;Caranaíba;MG;2;;0,0
3113206;Carandaí;MG;1;;0,0
3113305;Carangola;MG;1;;0,0
3113404;Caratinga;MG;1;;0,0
3113503;Carbonita;MG;1;;0,0
3113701;Carlos Chagas;MG;3;;0,0
3113800;Carmésia;MG;1;;0,0
3114006;Carmo da Mata;MG;2;;0,0
3114105;Carmo de Minas;MG;1;;0,0
3114204;Carmo do Cajuru;MG;1;;0,0
3114501;Carmópolis de Minas;MG;1;;0,0
3114709;Carvalhópolis;MG;2;;0,0
3115102;Cássia;MG;1;;0,0
3115201;Conceição da Barra de Minas;MG;2;;0,0
3115300;Cataguases;MG;2;;0,0
3115458;Catuji;MG;2;;0,0
3115508;Caxambu;MG;6;;0,0
3115607;Cedro do Abaeté;MG;1;;0,0
3116100;Chapada do Norte;MG;1;;0,0
3116159;Chapada Gaúcha;MG;1;;0,0
3116308;Cipotânea;MG;3;;0,0
3116506;Claro dos Poções;MG;1;;0,0
3116803;Coluna;MG;2;;0,0
3116902;Comendador Gomes;MG;1;;0,0
3117009;Comercinho;MG;1;;0,0
3117405;Conceição de Ipanema;MG;2;;0,0
3117504;Conceição do Mato Dentro;MG;2;;0,0
3117603;Conceição do Pará;MG;2;;0,0
3117836;Cônego Marinho;MG;2;;0,0
3117900;Congonhal;MG;1;;0,0
3118007;Congonhas;MG;1;;0,0
3118205;Conquista;MG;1;;0,0
3118403;Conselheiro Pena;MG;4;;0,0
3118502;Consolação;MG;1;;0,0
3118601;Contagem;MG;8;;0,0
3118809;Coração de Jesus;MG;1;;0,0
3119203;Coroaci;MG;1;;0,0
3119401;Coronel Fabriciano;MG;2;;0,0
3119807;Córrego Danta;MG;1;;0,0
3119906;Córrego do Bom Jesus;MG;2;;0,0
3120151;Crisólita;MG;1;;0,0
3120300;Cristália;MG;1;;0,0
3120508;Cristina;MG;1;;0,0
3120607;Crucilândia;MG;3;;0,0
3120839;Cuparaque;MG;2;;0,0
3120870;Curral de Dentro;MG;3;;0,0
3121100;Delfim Moreira;MG;3;;0,0
3121308;Descoberto;MG;1;;0,0
3121407;Desterro de Entre Rios;MG;3;;0,0
3121506;Desterro do Melo;MG;3;;0,0
3121605;Diamantina;MG;4;;0,0
3121704;Diogo de Vasconcelos;MG;2;;0,0
3121803;Dionísio;MG;1;;0,0
3121902;Divinésia;MG;1;;0,0
3122009;Divino;MG;1;;0,0
3122108;Divino das Laranjeiras;MG;1;;0,0
3122306;Divinópolis;MG;2;;0,0
3122454;Divisópolis;MG;1;;0,0
3122504;Dom Cavati;MG;1;;0,0
3122702;Dom Silvério;MG;3;;0,0
3122900;Dona Eusébia;MG;5;;0,0
3123106;Dores de Guanhães;MG;1;;0,0
3123304;Dores do Turvo;MG;1;;0,0
3123528;Durandé;MG;1;;0,0
3123700;Engenheiro Caldas;MG;1;;0,0
3123809;Engenheiro Navarro;MG;3;;0,0
3123908;Entre Rios de Minas;MG;1;;0,0
3124302;Espinosa;MG;1;;0,0
3124609;Estrela Dalva;MG;1;;0,0
3124906;Eugenópolis;MG;2;;0,0
3125002;Ewbank da Câmara;MG;1;;0,0
3125200;Fama;MG;1;;0,0
3125309;Faria Lemos;MG;2;;0,0
3125408;Felício dos Santos;MG;2;;0,0
3125507;São Gonçalo do Rio Preto;MG;1;;0,0
3125903;Ferros;MG;2;;0,0
3125952;Fervedouro;MG;1;;0,0
3126109;Formiga;MG;2;;0,0
3126505;Francisco Badaró;MG;1;;0,0
3126703;Francisco Sá;MG;1;;0,0
3126752;Franciscópolis;MG;1;;0,0
3126802;Frei Gaspar;MG;1;;0,0
3126901;Frei Inocêncio;MG;1;;0,0
3127107;Frutal;MG;3;;0,0
3127305;Galiléia;MG;4;;0,0
3127339;Gameleiras;MG;1;;0,0
3127354;Glaucilândia;MG;5;;0,0
3127370;Goiabeira;MG;2;;0,0
3127404;Gonçalves;MG;1;;0,0
3127602;Gouveia;MG;1;;0,0
3127701;Governador Valadares;MG;2;;0,0
3127800;Grão Mogol;MG;4;;0,0
3128006;Guanhães;MG;3;;0,0
3128303;Guaranésia;MG;4;;0,0
3128402;Guarani;MG;2;;0,0
3128709;Guaxupé;MG;2;;0,0
3128808;Guidoval;MG;1;;0,0
3129004;Guiricema;MG;3;;0,0
3129301;Iapu;MG;1;;0,0
3129608;Ibiaí;MG;3;;0,0
3129657;Ibiracatu;MG;1;;0,0
3129806;Ibirité;MG;1;;0,0
3130051;Icaraí de Minas;MG;1;;0,0
3130309;Iguatama;MG;3;;0,0
3130507;Ilicínea;MG;2;;0,0
3130903;Inhapim;MG;1;;0,0
3131208;Ipanema;MG;1;;0,0
3131307;Ipatinga;MG;5;;0,0
3131604;Iraí de Minas;MG;1;;0,0
3131703;Itabira;MG;1;;0,0
3131802;Itabirinha;MG;13;;0,0
3132107;Itacarambi;MG;1;;0,0
3132206;Itaguara;MG;1;;0,0
3132305;Itaipé;MG;1;;0,0
3132404;Itajubá;MG;7;;0,0
3132701;Itambacuri;MG;2;;0,0
3133303;Itaobim;MG;1;;0,0
3133501;Itapecerica;MG;7;;0,0
3133808;Itaúna;MG;2;;0,0
3134103;Itueta;MG;1;;0,0
3134301;Itumirim;MG;1;;0,0
3134400;Iturama;MG;1;;0,0
3134509;Itutinga;MG;2;;0,0
3134707;Jacinto;MG;1;;0,0
3135001;Jaguaraçu;MG;2;;0,0
3135076;Jampruca;MG;2;;0,0
3135506;Jequeri;MG;1;;0,0
3135704;Jequitibá;MG;1;;0,0
3135803;Jequitinhonha;MG;3;;0,0
3136009;Joaíma;MG;1;;0,0
3136207;João Monlevade;MG;1;;0,0
3136306;João Pinheiro;MG;2;;0,0
3136504;Jordânia;MG;1;;0,0
3136520;José Gonçalves de Minas;MG;1;;0,0
3136603;Nova União;MG;1;;0,0
3136652;Juatuba;MG;1;;0,0
3136702;Juiz de Fora;MG;27;;0,0
3136801;Juramento;MG;3;;0,0
3137007;Ladainha;MG;2;;0,0
3137304;Lagoa dos Patos;MG;1;;0,0
3137809;Lambari;MG;1;;0,0
3137908;Lamim;MG;1;;0,0
3138005;Laranjal;MG;2;;0,0
3138104;Lassance;MG;1;;0,0
3138203;Lavras;MG;8;;0,0
3138302;Leandro Ferreira;MG;4;;0,0
3138351;Leme do Prado;MG;2;;0,0
3138609;Lima Duarte;MG;2;;0,0
3138708;Luminárias;MG;1;;0,0
3138906;Machacalis;MG;3;;0,0
3139003;Machado;MG;3;;0,0
3139201;Malacacheta;MG;5;;0,0
3139250;Mamonas;MG;2;;0,0
3139300;Manga;MG;2;;0,0
3139409;Manhuaçu;MG;8;;0,0
3139607;Mantena;MG;2;;0,0
3139904;Maria da Fé;MG;1;;0,0
3140001;Mariana;MG;4;;0,0
3140209;Maripá de Minas;MG;2;;0,0
3140308;Marliéria;MG;4;;0,0
3140506;Martinho Campos;MG;1;;0,0
3140530;Martins Soares;MG;1;;0,0
3140555;Mata Verde;MG;1;;0,0
3140605;Materlândia;MG;2;;0,0
3140704;Mateus Leme;MG;1;;0,0
3140902;Matipó;MG;1;;0,0
3141108;Matozinhos;MG;1;;0,0
3141405;Medina;MG;1;;0,0
3141504;Mendes Pimentel;MG;1;;0,0
3141603;Mercês;MG;2;;0,0
3141702;Mesquita;MG;1;;0,0
3142007;Mirabela;MG;1;;0,0
3142106;Miradouro;MG;1;;0,0
3142205;Miraí;MG;1;;0,0
3142809;Monte Alegre de Minas;MG;1;;0,0
3142908;Monte Azul;MG;2;;0,0
3143203;Monte Santo de Minas;MG;1;;0,0
3143401;Monte Sião;MG;1;;0,0
3143450;Montezuma;MG;1;;0,0
3143807;Munhoz;MG;1;;0,0
3143906;Muriaé;MG;1;;0,0
3144003;Mutum;MG;2;;0,0
3144300;Nanuque;MG;2;;0,0
3144409;Natércia;MG;1;;0,0
3144508;Nazareno;MG;2;;0,0
3144607;Nepomuceno;MG;3;;0,0
3144672;Nova Belém;MG;3;;0,0
3144706;Nova Era;MG;1;;0,0
3145059;Nova Porteirinha;MG;2;;0,0
3145208;Nova Serrana;MG;1;;0,0
3145307;Novo Cruzeiro;MG;3;;0,0
3145356;Novo Oriente de Minas;MG;3;;0,0
3145372;Novorizonte;MG;1;;0,0
3145505;Olímpio Noronha;MG;1;;0,0
3145604;Oliveira;MG;1;;0,0
3145851;Oratórios;MG;2;;0,0
3146008;Ouro Fino;MG;1;;0,0
3146107;Ouro Preto;MG;2;;0,0
3146206;Ouro Verde de Minas;MG;7;;0,0
3146255;Padre Carvalho;MG;2;;0,0
3146305;Padre Paraíso;MG;3;;0,0
3146701;Palma;MG;1;;0,0
3147006;Paracatu;MG;3;;0,0
3147105;Pará de Minas;MG;12;;0,0
3147303;Paraisópolis;MG;1;;0,0
3147402;Paraopeba;MG;1;;0,0
3147600;Passa Quatro;MG;1;;0,0
3147907;Passos;MG;1;;0,0
3148004;Patos de Minas;MG;1;;0,0
3148202;Patrocínio do Muriaé;MG;1;;0,0
3148301;Paula Cândido;MG;4;;0,0
3148509;Pavão;MG;2;;0,0
3148608;Peçanha;MG;1;;0,0
3148707;Pedra Azul;MG;2;;0,0
3148756;Pedra Bonita;MG;3;;0,0
3149002;Pedra Dourada;MG;1;;0,0
3149101;Pedralva;MG;1;;0,0
3149507;Pequeri;MG;3;;0,0
3149903;Perdões;MG;1;;0,0
3149952;Periquito;MG;1;;0,0
3150406;Piedade dos Gerais;MG;1;;0,0
3150570;Pintópolis;MG;1;;0,0
3150604;Piracema;MG;1;;0,0
3150802;Piranga;MG;1;;0,0
3150901;Piranguçu;MG;1;;0,0
3151206;Pirapora;MG;2;;0,0
3151404;Pitangui;MG;1;;0,0
3151909;Pocrane;MG;1;;0,0
3152006;Pompéu;MG;3;;0,0
3152131;Ponto Chique;MG;1;;0,0
3152204;Porteirinha;MG;2;;0,0
3152303;Porto Firme;MG;1;;0,0
3152402;Poté;MG;2;;0,0
3152501;Pouso Alegre;MG;3;;0,0
3152808;Prata;MG;3;;0,0
3152907;Pratápolis;MG;1;;0,0
3153103;Presidente Bernardes;MG;2;;0,0
3153202;Presidente Juscelino;MG;1;;0,0
3153400;Presidente Olegário;MG;3;;0,0
3153905;Raposos;MG;4;;0,0
3154002;Raul Soares;MG;1;;0,0
3154101;Recreio;MG;3;;0,0
3154150;Reduto;MG;2;;0,0
3154200;Resende Costa;MG;1;;0,0
3154309;Resplendor;MG;1;;0,0
3154408;Ressaquinha;MG;3;;0,0
3154507;Riacho dos Machados;MG;2;;0,0
3154705;Ribeirão Vermelho;MG;1;;0,0
3154903;Rio Casca;MG;1;;0,0
3155009;Rio Doce;MG;2;;0,0
3155108;Rio do Prado;MG;1;;0,0
3155207;Rio Espera;MG;1;;0,0
3155405;Rio Novo;MG;2;;0,0
3155603;Rio Pardo de Minas;MG;1;;0,0
3155801;Rio Pomba;MG;1;;0,0
3155900;Rio Preto;MG;3;;0,0
3156007;Rio Vermelho;MG;1;;0,0
3156106;Ritápolis;MG;1;;0,0
3156205;Rochedo de Minas;MG;1;;0,0
3156452;Rosário da Limeira;MG;4;;0,0
3156502;Rubelita;MG;2;;0,0
3156700;Sabará;MG;1;;0,0
3156908;Sacramento;MG;1;;0,0
3157005;Salinas;MG;4;;0,0
3157104;Salto da Divisa;MG;1;;0,0
3157302;Santa Bárbara do Tugúrio;MG;1;;0,0
3157336;Santa Cruz de Minas;MG;1;;0,0
3157401;Santa Cruz do Escalvado;MG;1;;0,0
3157500;Santa Efigênia de Minas;MG;2;;0,0
3157658;Santa Helena de Minas;MG;3;;0,0
3157807;Santa Luzia;MG;2;;0,0
3158003;Santa Maria de Itabira;MG;1;;0,0
3158102;Santa Maria do Salto;MG;3;;0,0
3158607;Santana do Deserto;MG;1;;0,0
3158805;Santana do Jacaré;MG;3;;0,0
3158953;Santana do Paraíso;MG;2;;0,0
3159100;Santana dos Montes;MG;1;;0,0
3159209;Santa Rita de Caldas;MG;2;;0,0
3159506;Santa Rita do Itueto;MG;1;;0,0
3159704;Santa Rosa da Serra;MG;1;;0,0
3159902;Santo Antônio do Amparo;MG;1;;0,0
3160009;Santo Antônio do Aventureiro;MG;1;;0,0
3160207;Santo Antônio do Itambé;MG;5;;0,0
3160306;Santo Antônio do Jacinto;MG;1;;0,0
3160702;Santos Dumont;MG;2;;0,0
3161007;São Domingos do Prata;MG;5;;0,0
3161106;São Francisco;MG;3;;0,0
3161502;São Geraldo;MG;1;;0,0
3161601;São Geraldo da Piedade;MG;1;;0,0
3161650;São Geraldo do Baixio;MG;2;;0,0
3161700;São Gonçalo do Abaeté;MG;4;;0,0
3161809;São Gonçalo do Pará;MG;1;;0,0
3162005;São Gonçalo do Sapucaí;MG;2;;0,0
3162104;São Gotardo;MG;2;;0,0
3162401;São João da Ponte;MG;1;;0,0
3162450;São João das Missões;MG;2;;0,0
3162575;São João do Manteninha;MG;2;;0,0
3162609;São João do Oriente;MG;1;;0,0
3162708;São João do Paraíso;MG;2;;0,0
3162955;São José da Lapa;MG;1;;0,0
3163003;São José da Safira;MG;1;;0,0
3163300;São José do Divino;MG;4;;0,0
3163409;São José do Goiabal;MG;1;;0,0
3163508;São José do Jacuri;MG;1;;0,0
3163706;São Lourenço;MG;3;;0,0
3164100;São Pedro do Suaçuí;MG;2;;0,0
3164209;São Romão;MG;1;;0,0
3164308;São Roque de Minas;MG;2;;0,0
3164407;São Sebastião da Bela Vista;MG;1;;0,0
3164431;São Sebastião da Vargem Alegre;MG;1;;0,0
3164803;São Sebastião do Rio Preto;MG;1;;0,0
3165008;São Tiago;MG;1;;0,0
3165206;São Thomé das Letras;MG;3;;0,0
3165305;São Vicente de Minas;MG;1;;0,0
3165503;Sardoá;MG;1;;0,0
3165552;Setubinha;MG;4;;0,0
3165560;Sem-Peixe;MG;1;;0,0
3165578;Senador Amaral;MG;1;;0,0
3165701;Senador Firmino;MG;1;;0,0
3165909;Senador Modestino Gonçalves;MG;1;;0,0
3166105;Senhora do Porto;MG;1;;0,0
3166204;Senhora dos Remédios;MG;3;;0,0
3166501;Serra Azul de Minas;MG;2;;0,0
3166956;Serranópolis de Minas;MG;4;;0,0
3167103;Serro;MG;2;;0,0
3167202;Sete Lagoas;MG;6;;0,0
3167301;Silveirânia;MG;1;;0,0
3167400;Silvianópolis;MG;1;;0,0
3167707;Sobrália;MG;1;;0,0
3167806;Soledade de Minas;MG;2;;0,0
3167905;Tabuleiro;MG;1;;0,0
3168101;Tapira;MG;1;;0,0
3168309;Taquaraçu de Minas;MG;1;;0,0
3168408;Tarumirim;MG;2;;0,0
3168606;Teófilo Otoni;MG;5;;0,0
3168705;Timóteo;MG;4;;0,0
3169000;Tocantins;MG;1;;0,0
3169307;Três Corações;MG;2;;0,0
3169505;Tumiritinga;MG;2;;0,0
3169703;Turmalina;MG;3;;0,0
3169901;Ubá;MG;2;;0,0
3170107;Uberaba;MG;1;;0,0
3170206;Uberlândia;MG;1;;0,0
3170305;Umburatiba;MG;2;;0,0
3170404;Unaí;MG;3;;0,0
3170503;Urucânia;MG;2;;0,0
3170529;Urucuia;MG;1;;0,0
3170602;Vargem Bonita;MG;1;;0,0
3170701;Varginha;MG;1;;0,0
3170800;Várzea da Palma;MG;1;;0,0
3171006;Vazante;MG;4;;0,0
3171105;Veríssimo;MG;1;;0,0
3171204;Vespasiano;MG;2;;0,0
3171303;Viçosa;MG;2;;0,0
3171907;Virgolândia;MG;3;;0,0
3172004;Visconde do Rio Branco;MG;3;;0,0
3172202;Wenceslau Braz;MG;3;;0,0
3200102;Afonso Cláudio;ES;2;;0,0
3200201;Alegre;ES;4;;0,0
3200300;Alfredo Chaves;ES;3;;0,0
3200409;Anchieta;ES;1;;0,0
3200508;Apiacá;ES;1;;0,0
3200607;Aracruz;ES;1;;0,0
3200706;Atilio Vivacqua;ES;1;;0,0
3200805;Baixo Guandu;ES;8;;0,0
3200904;Barra de São Francisco;ES;5;;0,0
3201001;Boa Esperança;ES;1;;0,0
3201100;Bom Jesus do Norte;ES;3;;0,0
3201209;Cachoeiro de Itapemirim;ES;3;;0,0
3201506;Colatina;ES;3;;0,0
3201704;Conceição do Castelo;ES;1;;0,0
3201902;Domingos Martins;ES;1;;0,0
3202009;Dores do Rio Preto;ES;1;;0,0
3202207;Fundão;ES;2;;0,0
3202256;Governador Lindenberg;ES;1;;0,0
3202306;Guaçuí;ES;5;;0,0
3202454;Ibatiba;ES;1;;0,0
3202504;Ibiraçu;ES;1;;0,0
3202553;Ibitirama;ES;2;;0,0
3202603;Iconha;ES;6;;0,0
3202652;Irupi;ES;7;;0,0
3202702;Itaguaçu;ES;4;;0,0
3202801;Itapemirim;ES;1;;0,0
3202900;Itarana;ES;3;;0,0
3203106;Jerônimo Monteiro;ES;2;;0,0
3203205;Linhares;ES;6;;0,0
3203346;Marechal Floriano;ES;4;;0,0
3203403;Mimoso do Sul;ES;11;;0,0
3203700;Muniz Freire;ES;4;;0,0
3203809;Muqui;ES;3;;0,0
3204351;Rio Bananal;ES;1;;0,0
3204401;Rio Novo do Sul;ES;1;;0,0
3204500;Santa Leopoldina;ES;3;;0,0
3204609;Santa Teresa;ES;1;;0,0
3204658;São Domingos do Norte;ES;1;;0,0
3204807;São José do Calçado;ES;2;;0,0
3204906;São Mateus;ES;4;;0,0
3204955;São Roque do Canaã;ES;1;;0,0
3205036;Vargem Alta;ES;5;;0,0
3205069;Venda Nova do Imigrante;ES;5;;0,0
3205101;Viana;ES;2;;0,0
3205200;Vila Velha;ES;1;;0,0
3205309;Vitória;ES;5;;0,0
3300100;Angra dos Reis;RJ;2;;0,0
3300159;Aperibé;RJ;2;;0,0
3300258;Arraial do Cabo;RJ;7;;0,0
3300308;Barra do Piraí;RJ;12;;0,0
3300407;Barra Mansa;RJ;1;;0,0
3300456;Belford Roxo;RJ;1;;0,0
3300605;Bom Jesus do Itabapoana;RJ;5;;0,0
3300803;Cachoeiras de Macacu;RJ;3;;0,0
3300902;Cambuci;RJ;3;;0,0
3300951;Comendador Levy Gasparian;RJ;2;;0,0
3301009;Campos dos Goytacazes;RJ;2;3301009;1268737,18
3301108;Cantagalo;RJ;2;;0,0
3301157;Cardoso Moreira;RJ;1;;0,0
3301207;Carmo;RJ;2;;0,0
3301405;Conceição de Macabu;RJ;1;;0,0
3301504;Cordeiro;RJ;1;;0,0
3301702;Duque de Caxias;RJ;4;;0,0
3301801;Engenheiro Paulo de Frontin;RJ;5;;0,0
3301850;Guapimirim;RJ;5;;0,0
3302056;Italva;RJ;4;;0,0
3302106;Itaocara;RJ;5;;0,0
3302205;Itaperuna;RJ;3;;0,0
3302270;Japeri;RJ;4;;0,0
3302304;Laje do Muriaé;RJ;2;;0,0
3302403;Macaé;RJ;1;;0,0
3302452;Macuco;RJ;4;;0,0
3302502;Magé;RJ;11;;0,0
3302809;Mendes;RJ;4;;0,0
3302858;Mesquita;RJ;2;;0,0
3302908;Miguel Pereira;RJ;1;;0,0
3303005;Miracema;RJ;2;;0,0
3303203;Nilópolis;RJ;2;;0,0
3303401;Nova Friburgo;RJ;3;;0,0
3303500;Nova Iguaçu;RJ;5;;0,0
3303609;Paracambi;RJ;4;;0,0
3303807;Paraty;RJ;1;;0,0
3303906;Petrópolis;RJ;4;3303906;1863800,0
3304003;Piraí;RJ;2;;0,0
3304144;Queimados;RJ;2;;0,0
3304409;Rio Claro;RJ;5;;0,0
3304508;Rio das Flores;RJ;1;;0,0
3304524;Rio das Ostras;RJ;1;;0,0
3304557;Rio de Janeiro;RJ;2;3304557;4116150,0
3304607;Santa Maria Madalena;RJ;5;;0,0
3304706;Santo Antônio de Pádua;RJ;3;;0,0
3304755;São Francisco de Itabapoana;RJ;3;;0,0
3304805;São Fidélis;RJ;3;;0,0
3304904;São Gonçalo;RJ;2;3304904;12219069,0
3305000;São João da Barra;RJ;1;;0,0
3305109;São João de Meriti;RJ;1;;0,0
3305133;São José de Ubá;RJ;3;;0,0
3305158;São José do Vale do Rio Preto;RJ;1;;0,0
3305208;São Pedro da Aldeia;RJ;1;;0,0
3305307;São Sebastião do Alto;RJ;2;;0,0
3305406;Sapucaia;RJ;5;;0,0
3305505;Saquarema;RJ;1;;0,0
3305604;Silva Jardim;RJ;2;;0,0
3305802;Teresópolis;RJ;3;3305802;1000000,0
3305901;Trajano de Moraes;RJ;1;;0,0
3306107;Valença;RJ;3;;0,0
3306156;Varre-Sai;RJ;2;;0,0
3306206;Vassouras;RJ;11;;0,0
3306305;Volta Redonda;RJ;1;;0,0
3500105;Adamantina;SP;1;;0,0
3500709;Agudos;SP;1;;0,0
3501707;Américo Brasiliense;SP;1;;0,0
3504008;Assis;SP;1;;0,0
3504503;Avaré;SP;1;;0,0
3505500;Barretos;SP;1;;0,0
3505609;Barrinha;SP;1;;0,0
3506359;Bertioga;SP;1;;0,0
3507001;Boituva;SP;1;;0,0
3507902;Brotas;SP;2;;0,0
3508504;Caçapava;SP;1;;0,0
3508603;Cachoeira Paulista;SP;1;;0,0
3508702;Caconde;SP;1;;0,0
3508900;Caiabu;SP;1;;0,0
3509007;Caieiras;SP;2;;0,0
3509205;Cajamar;SP;1;;0,0
3509502;Campinas;SP;1;;0,0
3510401;Capivari;SP;1;;0,0
3510500;Caraguatatuba;SP;1;;0,0
3510906;Cássia dos Coqueiros;SP;1;;0,0
3511706;Charqueada;SP;1;;0,0
3512803;Cosmópolis;SP;1;;0,0
3513603;Cunha;SP;1;;0,0
3513801;Diadema;SP;3;;0,0
3514601;Dumont;SP;1;;0,0
3515004;Embu das Artes;SP;3;;0,0
3515103;Embu-Guaçu;SP;1;;0,0
3515608;Fernando Prestes;SP;1;;0,0
3515707;Ferraz de Vasconcelos;SP;2;;0,0
3516309;Francisco Morato;SP;3;;0,0
3516408;Franco da Rocha;SP;2;;0,0
3517000;Getulina;SP;3;;0,0
3518305;Guararema;SP;1;;0,0
3518404;Guaratinguetá;SP;1;;0,0
3518602;Guariba;SP;2;;0,0
3518701;Guarujá;SP;1;;0,0
3519709;Ibiúna;SP;12;;0,0
3519907;Iepê;SP;1;;0,0
3520103;Igarapava;SP;1;;0,0
3520400;Ilhabela;SP;2;;0,0
3520608;Indiana;SP;1;;0,0
3521200;Iporanga;SP;1;;0,0
3521705;Itaberá;SP;2;;0,0
3522208;Itapecerica da Serra;SP;3;;0,0
3522802;Itaporanga;SP;1;;0,0
3523107;Itaquaquecetuba;SP;2;;0,0
3523602;Itirapina;SP;1;;0,0
3524808;Jales;SP;1;;0,0
3524907;Jambeiro;SP;1;;0,0
3525607;João Ramalho;SP;2;;0,0
3525706;José Bonifácio;SP;1;;0,0
3526902;Limeira;SP;2;;0,0
3527108;Lins;SP;1;;0,0
3528502;Mairiporã;SP;2;;0,0
3528809;Maracaí;SP;1;;0,0
3529005;Marília;SP;1;;0,0
3529203;Martinópolis;SP;1;;0,0
3529401;Mauá;SP;1;;0,0
3530102;Mirandópolis;SP;1;;0,0
3530607;Mogi das Cruzes;SP;1;;0,0
3530904;Mombuca;SP;1;;0,0
3531100;Mongaguá;SP;1;;0,0
3531704;Monteiro Lobato;SP;2;;0,0
3531803;Monte Mor;SP;2;;0,0
3531902;Morro Agudo;SP;2;;0,0
3532009;Morungaba;SP;1;;0,0
3532306;Natividade da Serra;SP;1;;0,0
3533502;Novo Horizonte;SP;1;;0,0
3534401;Osasco;SP;5;;0,0
3534609;Osvaldo Cruz;SP;4;;0,0
3534807;Ouro Verde;SP;1;;0,0
3534906;Pacaembu;SP;2;;0,0
3535408;Panorama;SP;1;;0,0
3535606;Paraibuna;SP;3;;0,0
3536109;Pardinho;SP;1;;0,0
3536208;Pariquera-Açu;SP;1;;0,0
3537602;Peruíbe;SP;1;;0,0
3537800;Piedade;SP;1;;0,0
3538303;Piquerobi;SP;1;;0,0
3538600;Piracaia;SP;1;;0,0
3539103;Pirapora do Bom Jesus;SP;1;;0,0
3539806;Poá;SP;2;;0,0
3540705;Porto Ferreira;SP;2;;0,0
3540804;Potirendaba;SP;1;;0,0
3541307;Presidente Epitácio;SP;1;;0,0
3541406;Presidente Prudente;SP;1;;0,0
3542107;Rafard;SP;2;;0,0
3542800;Ribeira;SP;2;;0,0
3543303;Ribeirão Pires;SP;1;;0,0
3543907;Rio Claro;SP;1;;0,0
3545803;Santa Bárbara D`Oeste;SP;1;;0,0
3546009;Santa Branca;SP;1;;0,0
3546801;Santa Isabel;SP;1;;0,0
3547007;Santa Maria da Serra;SP;1;;0,0
3548609;São Bento do Sapucaí;SP;3;;0,0
3549102;São João da Boa Vista;SP;4;;0,0
3549706;São José do Rio Pardo;SP;1;;0,0
3550001;São Luís do Paraitinga;SP;1;;0,0
3550704;São Sebastião;SP;2;;0,0
3551900;Severínia;SP;1;;0,0
3552106;Socorro;SP;2;;0,0
3552205;Sorocaba;SP;3;;0,0
3552403;Sumaré;SP;1;;0,0
3552601;Tabapuã;SP;1;;0,0
3552809;Taboão da Serra;SP;1;;0,0
3553401;Tanabi;SP;3;;0,0
3554003;Tatuí;SP;2;;0,0
3554102;Taubaté;SP;1;;0,0
3554409;Terra Roxa;SP;1;;0,0
3554953;Tuiuti;SP;2;;0,0
3555307;Turmalina;SP;1;;0,0
3555406;Ubatuba;SP;2;;0,0
3555901;Uru;SP;1;;0,0
3556206;Valinhos;SP;8;;0,0
3556503;Várzea Paulista;SP;1;;0,0
4100459;Altamira do Paraná;PR;1;;0,0
4100509;Altônia;PR;1;;0,0
4100608;Alto Paraná;PR;2;;0,0
4100707;Alto Piquiri;PR;1;;0,0
4101002;Ampére;PR;1;;0,0
4101200;Antonina;PR;1;;0,0
4101705;Araruna;PR;2;;0,0
4101853;Ariranha do Ivaí;PR;1;;0,0
4101903;Assaí;PR;1;;0,0
4102406;Bandeirantes;PR;2;;0,0
4102604;Barracão;PR;2;;0,0
4102901;Bituruna;PR;2;;0,0
4103024;Boa Esperança do Iguaçu;PR;1;;0,0
4103222;Bom Sucesso do Sul;PR;1;;0,0
4103370;Brasilândia do Sul;PR;1;;0,0
4103479;Cafezal do Sul;PR;2;;0,0
4103958;Campina do Simão;PR;1;;0,0
4104204;Campo Largo;PR;8;;0,0
4104402;Cândido de Abreu;PR;2;;0,0
4104428;Candói;PR;1;;0,0
4104451;Cantagalo;PR;2;;0,0
4104501;Capanema;PR;1;;0,0
4104600;Capitão Leônidas Marques;PR;1;;0,0
4104907;Castro;PR;1;;0,0
4105706;Clevelândia;PR;1;;0,0
4105904;Colorado;PR;1;;0,0
4106506;Coronel Vivida;PR;1;;0,0
4106571;Cruzeiro do Iguaçu;PR;1;;0,0
4106605;Cruzeiro do Oeste;PR;2;;0,0
4106704;Cruzeiro do Sul;PR;1;;0,0
4106803;Cruz Machado;PR;1;;0,0
4106902;Curitiba;PR;11;;0,0
4107124;Diamante do Sul;PR;1;;0,0
4107207;Dois Vizinhos;PR;3;;0,0
4107405;Enéas Marques;PR;1;;0,0
4107546;Espigão Alto do Iguaçu;PR;1;;0,0
4108320;Francisco Alves;PR;1;;0,0
4108502;General Carneiro;PR;2;;0,0
4108650;Goioxim;PR;2;;0,0
4108957;Guamiranga;PR;1;;0,0
4109609;Guaratuba;PR;2;;0,0
4109658;Honório Serpa;PR;1;;0,0
4110102;Imbituva;PR;1;;0,0
4110201;Inácio Martins;PR;1;;0,0
4110508;Ipiranga;PR;2;;0,0
4110607;Iporã;PR;1;;0,0
4110706;Irati;PR;1;;0,0
4110805;Iretama;PR;1;;0,0
4111407;Ivaí;PR;2;;0,0
4112959;Juranda;PR;1;;0,0
4113205;Lapa;PR;1;;0,0
4113254;Laranjal;PR;1;;0,0
4113304;Laranjeiras do Sul;PR;1;;0,0
4113452;Lindoeste;PR;1;;0,0
4113700;Londrina;PR;3;;0,0
4113908;Mallet;PR;1;;0,0
4114351;Manfrinópolis;PR;1;;0,0
4114500;Manoel Ribas;PR;1;;0,0
4115457;Marquinho;PR;1;;0,0
4115705;Matinhos;PR;1;;0,0
4115739;Mato Rico;PR;1;;0,0
4115804;Medianeira;PR;1;;0,0
4116208;Morretes;PR;2;;0,0
4116802;Nova Cantu;PR;1;;0,0
4116950;Nova Esperança do Sudoeste;PR;1;;0,0
4117057;Nova Laranjeiras;PR;1;;0,0
4117255;Nova Prata do Iguaçu;PR;1;;0,0
4117271;Nova Tebas;PR;1;;0,0
4117453;Ouro Verde do Oeste;PR;1;;0,0
4117602;Palmas;PR;1;;0,0
4117701;Palmeira;PR;1;;0,0
4117800;Palmital;PR;1;;0,0
4118204;Paranaguá;PR;1;;0,0
4118402;Paranavaí;PR;1;;0,0
4118501;Pato Branco;PR;2;;0,0
4118600;Paula Freitas;PR;1;;0,0
4118709;Paulo Frontin;PR;1;;0,0
4118907;Pérola;PR;1;;0,0
4119004;Pérola D`Oeste;PR;2;;0,0
4119301;Pinhão;PR;1;;0,0
4119400;Piraí do Sul;PR;2;;0,0
4119608;Pitanga;PR;1;;0,0
4119806;Planalto;PR;2;;0,0
4119954;Pontal do Paraná;PR;1;;0,0
4120101;Porto Amazonas;PR;1;;0,0
4120150;Porto Barreiro;PR;1;;0,0
4120309;Porto Vitória;PR;1;;0,0
4120507;Primeiro de Maio;PR;1;;0,0
4120606;Prudentópolis;PR;3;;0,0
4120903;Quedas do Iguaçu;PR;2;;0,0
4121000;Querência do Norte;PR;1;;0,0
4121406;Realeza;PR;1;;0,0
4121505;Rebouças;PR;2;;0,0
4121901;Ribeirão do Pinhal;PR;1;;0,0
4122008;Rio Azul;PR;2;;0,0
4122156;Rio Bonito do Iguaçu;PR;1;;0,0
4122206;Rio Branco do Sul;PR;1;;0,0
4122305;Rio Negro;PR;1;;0,0
4122503;Roncador;PR;3;;0,0
4122800;Salgado Filho;PR;1;;0,0
4123006;Salto do Lontra;PR;1;;0,0
4123303;Santa Cruz de Monte Castelo;PR;2;;0,0
4123808;Santa Izabel do Oeste;PR;1;;0,0
4123857;Santa Maria do Oeste;PR;2;;0,0
4124004;Santana do Itararé;PR;1;;0,0
4124103;Santo Antônio da Platina;PR;1;;0,0
4124400;Santo Antônio do Sudoeste;PR;2;;0,0
4124806;São João;PR;1;;0,0
4125001;São João do Ivaí;PR;1;;0,0
4125100;São João do Triunfo;PR;1;;0,0
4125506;São José dos Pinhais;PR;1;;0,0
4125605;São Mateus do Sul;PR;1;;0,0
4125704;São Miguel do Iguaçu;PR;1;;0,0
4126009;São Sebastião da Amoreira;PR;1;;0,0
4126652;Sulina;PR;1;;0,0
4127502;Tibagi;PR;3;;0,0
4127601;Tijucas do Sul;PR;1;;0,0
4127882;Tunas do Paraná;PR;1;;0,0
4128203;União da Vitória;PR;2;;0,0
4128609;Verê;PR;1;;0,0
4128658;Virmond;PR;1;;0,0
4200051;Abdon Batista;SC;3;;0,0
4200101;Abelardo Luz;SC;1;;0,0
4200200;Agrolândia;SC;8;;0,0
4200309;Agronômica;SC;6;;0,0
4200408;Água Doce;SC;4;;0,0
4200507;Águas de Chapecó;SC;1;;0,0
4200556;Águas Frias;SC;1;;0,0
4200606;Águas Mornas;SC;6;;0,0
4200705;Alfredo Wagner;SC;3;;0,0
4200754;Alto Bela Vista;SC;1;;0,0
4200804;Anchieta;SC;5;;0,0
4200903;Angelina;SC;3;;0,0
4201000;Anita Garibaldi;SC;3;;0,0
4201109;Anitápolis;SC;6;;0,0
4201208;Antônio Carlos;SC;2;;0,0
4201257;Apiúna;SC;3;;0,0
4201273;Arabutã;SC;1;;0,0
4201307;Araquari;SC;7;;0,0
4201406;Araranguá;SC;4;;0,0
4201505;Armazém;SC;3;;0,0
4201604;Arroio Trinta;SC;1;;0,0
4201653;Arvoredo;SC;4;;0,0
4201703;Ascurra;SC;13;;0,0
4201802;Atalanta;SC;4;;0,0
4201901;Aurora;SC;5;;0,0
4202008;Balneário Camboriú;SC;11;;0,0
4202057;Balneário Barra do Sul;SC;7;;0,0
4202073;Balneário Gaivota;SC;4;;0,0
4202099;Barra Bonita;SC;11;;0,0
4202107;Barra Velha;SC;7;;0,0
4202131;Bela Vista do Toldo;SC;5;;0,0
4202156;Belmonte;SC;4;;0,0
4202206;Benedito Novo;SC;4;;0,0
4202305;Biguaçu;SC;6;;0,0
4202404;Blumenau;SC;5;;0,0
4202438;Bocaina do Sul;SC;16;;0,0
4202503;Bom Jardim da Serra;SC;3;;0,0
4202537;Bom Jesus;SC;3;;0,0
4202578;Bom Jesus do Oeste;SC;1;;0,0
4202602;Bom Retiro;SC;14;;0,0
4202701;Botuverá;SC;7;;0,0
4202800;Braço do Norte;SC;3;;0,0
4202859;Braço do Trombudo;SC;7;;0,0
4202875;Brunópolis;SC;3;;0,0
4202909;Brusque;SC;15;4202909;340000,0
4203006;Caçador;SC;4;;0,0
4203105;Caibi;SC;2;;0,0
4203204;Camboriú;SC;7;;0,0
4203253;Capão Alto;SC;5;;0,0
4203303;Campo Alegre;SC;8;;0,0
4203402;Campo Belo do Sul;SC;6;;0,0
4203501;Campo Erê;SC;10;;0,0
4203600;Campos Novos;SC;1;;0,0
4203709;Canelinha;SC;3;;0,0
4203808;Canoinhas;SC;11;;0,0
4203907;Capinzal;SC;2;;0,0
4203956;Capivari de Baixo;SC;3;;0,0
4204004;Catanduvas;SC;3;;0,0
4204152;Celso Ramos;SC;3;;0,0
4204178;Cerro Negro;SC;4;;0,0
4204194;Chapadão do Lageado;SC;5;;0,0
4204202;Chapecó;SC;5;;0,0
4204251;Cocal do Sul;SC;3;;0,0
4204301;Concórdia;SC;7;;0,0
4204400;Coronel Freitas;SC;3;;0,0
4204509;Corupá;SC;9;;0,0
4204558;Correia Pinto;SC;5;;0,0
4204707;Cunha Porã;SC;4;;0,0
4204806;Curitibanos;SC;2;;0,0
4204905;Descanso;SC;2;;0,0
4205001;Dionísio Cerqueira;SC;6;;0,0
4205100;Dona Emma;SC;8;;0,0
4205159;Doutor Pedrinho;SC;3;;0,0
4205175;Entre Rios;SC;2;;0,0
4205191;Ermo;SC;4;;0,0
4205209;Erval Velho;SC;1;;0,0
4205308;Faxinal dos Guedes;SC;6;;0,0
4205357;Flor do Sertão;SC;7;;0,0
4205407;Florianópolis;SC;7;;0,0
4205456;Forquilhinha;SC;4;;0,0
4205506;Fraiburgo;SC;4;;0,0
4205555;Frei Rogério;SC;3;4205555;382000,0
4205704;Garopaba;SC;2;;0,0
4205803;Garuva;SC;2;;0,0
4205902;Gaspar;SC;7;;0,0
4206009;Governador Celso Ramos;SC;3;;0,0
4206108;Grão Pará;SC;1;;0,0
4206207;Gravatal;SC;3;;0,0
4206405;Guaraciaba;SC;3;;0,0
4206504;Guaramirim;SC;4;;0,0
4206603;Guarujá do Sul;SC;3;;0,0
4206652;Guatambú;SC;4;;0,0
4206702;Herval D`Oeste;SC;4;;0,0
4206751;Ibiam;SC;8;;0,0
4206801;Ibicaré;SC;5;;0,0
4206900;Ibirama;SC;7;;0,0
4207007;Içara;SC;8;;0,0
4207106;Ilhota;SC;4;;0,0
4207205;Imaruí;SC;6;;0,0
4207304;Imbituba;SC;6;;0,0
4207403;Imbuia;SC;5;;0,0
4207502;Indaial;SC;13;;0,0
4207577;Iomerê;SC;2;;0,0
4207601;Ipira;SC;4;;0,0
4207650;Iporã do Oeste;SC;2;;0,0
4207684;Ipuaçu;SC;3;;0,0
4207700;Ipumirim;SC;3;;0,0
4207809;Irani;SC;3;;0,0
4207858;Irati;SC;2;;0,0
4207908;Irineópolis;SC;5;;0,0
4208005;Itá;SC;3;;0,0
4208104;Itaiópolis;SC;3;;0,0
4208203;Itajaí;SC;5;;0,0
4208302;Itapema;SC;3;;0,0
4208401;Itapiranga;SC;1;;0,0
4208450;Itapoá;SC;5;;0,0
4208500;Ituporanga;SC;7;;0,0
4208609;Jaborá;SC;5;;0,0
4208708;Jacinto Machado;SC;8;;0,0
4208807;Jaguaruna;SC;4;;0,0
4208906;Jaraguá do Sul;SC;4;;0,0
4208955;Jardinópolis;SC;4;;0,0
4209003;Joaçaba;SC;1;;0,0
4209102;Joinville;SC;11;;0,0
4209151;José Boiteux;SC;2;;0,0
4209177;Jupiá;SC;4;;0,0
4209201;Lacerdópolis;SC;1;;0,0
4209300;Lages;SC;7;;0,0
4209409;Laguna;SC;3;;0,0
4209458;Lajeado Grande;SC;4;;0,0
4209508;Laurentino;SC;1;;0,0
4209607;Lauro Muller;SC;6;;0,0
4209706;Lebon Régis;SC;3;;0,0
4209805;Leoberto Leal;SC;6;;0,0
4209854;Lindóia do Sul;SC;3;;0,0
4209904;Lontras;SC;3;;0,0
4210001;Luiz Alves;SC;7;;0,0
4210035;Luzerna;SC;2;;0,0
4210050;Macieira;SC;3;;0,0
4210100;Mafra;SC;24;;0,0
4210209;Major Gercino;SC;2;;0,0
4210308;Major Vieira;SC;5;;0,0
4210407;Maracajá;SC;2;;0,0
4210506;Maravilha;SC;4;;0,0
4210555;Marema;SC;1;;0,0
4210605;Massaranduba;SC;5;;0,0
4210704;Matos Costa;SC;3;;0,0
4210803;Meleiro;SC;3;;0,0
4210852;Mirim Doce;SC;3;;0,0
4210902;Modelo;SC;1;;0,0
4211009;Mondaí;SC;2;;0,0
4211058;Monte Carlo;SC;2;;0,0
4211108;Monte Castelo;SC;3;;0,0
4211207;Morro da Fumaça;SC;2;;0,0
4211256;Morro Grande;SC;5;;0,0
4211306;Navegantes;SC;1;;0,0
4211454;Nova Itaberaba;SC;2;;0,0
4211504;Nova Trento;SC;6;;0,0
4211603;Nova Veneza;SC;2;;0,0
4211702;Orleans;SC;11;;0,0
4211751;Otacílio Costa;SC;4;;0,0
4211801;Ouro;SC;2;;0,0
4211850;Ouro Verde;SC;1;;0,0
4211876;Paial;SC;1;;0,0
4211892;Painel;SC;2;;0,0
4211900;Palhoça;SC;6;;0,0
4212007;Palma Sola;SC;4;;0,0
4212056;Palmeira;SC;7;;0,0
4212106;Palmitos;SC;5;;0,0
4212205;Papanduva;SC;2;;0,0
4212239;Paraíso;SC;1;;0,0
4212254;Passo de Torres;SC;2;;0,0
4212270;Passos Maia;SC;1;;0,0
4212304;Paulo Lopes;SC;5;;0,0
4212403;Pedras Grandes;SC;2;;0,0
4212601;Peritiba;SC;1;;0,0
4212650;Pescaria Brava;SC;7;;0,0
4212700;Petrolândia;SC;3;;0,0
4212809;Balneário Piçarras;SC;2;;0,0
4213005;Pinheiro Preto;SC;3;;0,0
4213104;Piratuba;SC;1;;0,0
4213153;Planalto Alegre;SC;2;;0,0
4213203;Pomerode;SC;4;;0,0
4213302;Ponte Alta;SC;1;;0,0
4213351;Ponte Alta do Norte;SC;2;;0,0
4213401;Ponte Serrada;SC;3;;0,0
4213500;Porto Belo;SC;3;;0,0
4213609;Porto União;SC;4;;0,0
4213708;Pouso Redondo;SC;8;;0,0
4213807;Praia Grande;SC;10;;0,0
4213906;Presidente Castello Branco;SC;5;;0,0
4214003;Presidente Getúlio;SC;3;;0,0
4214102;Presidente Nereu;SC;2;;0,0
4214151;Princesa;SC;4;;0,0
4214201;Quilombo;SC;2;;0,0
4214300;Rancho Queimado;SC;1;;0,0
4214409;Rio das Antas;SC;3;;0,0
4214508;Rio do Campo;SC;1;;0,0
4214607;Rio do Oeste;SC;2;;0,0
4214706;Rio dos Cedros;SC;3;;0,0
4214805;Rio do Sul;SC;8;;0,0
4214904;Rio Fortuna;SC;2;;0,0
4215000;Rio Negrinho;SC;4;;0,0
4215059;Rio Rufino;SC;14;;0,0
4215075;Riqueza;SC;6;;0,0
4215109;Rodeio;SC;9;;0,0
4215208;Romelândia;SC;3;;0,0
4215307;Salete;SC;2;;0,0
4215356;Saltinho;SC;4;;0,0
4215406;Salto Veloso;SC;1;;0,0
4215455;Sangão;SC;1;;0,0
4215505;Santa Cecília;SC;5;;0,0
4215554;Santa Helena;SC;3;;0,0
4215653;Santa Rosa do Sul;SC;6;;0,0
4215679;Santa Terezinha;SC;10;;0,0
4215687;Santa Terezinha do Progresso;SC;5;;0,0
4215695;Santiago do Sul;SC;2;;0,0
4215703;Santo Amaro da Imperatriz;SC;6;;0,0
4215752;São Bernardino;SC;1;;0,0
4215802;São Bento do Sul;SC;9;;0,0
4215901;São Bonifácio;SC;3;;0,0
4216008;São Carlos;SC;4;;0,0
4216057;São Cristovão do Sul;SC;2;;0,0
4216107;São Domingos;SC;3;;0,0
4216206;São Francisco do Sul;SC;3;;0,0
4216255;São João do Oeste;SC;3;;0,0
4216305;São João Batista;SC;7;;0,0
4216354;São João do Itaperiú;SC;4;;0,0
4216404;São João do Sul;SC;9;;0,0
4216503;São Joaquim;SC;4;;0,0
4216602;São José;SC;1;;0,0
4216701;São José do Cedro;SC;10;;0,0
4216800;São José do Cerrito;SC;6;;0,0
4216909;São Lourenço do Oeste;SC;1;;0,0
4217006;São Ludgero;SC;1;;0,0
4217105;São Martinho;SC;3;;0,0
4217154;São Miguel da Boa Vista;SC;2;;0,0
4217204;São Miguel do Oeste;SC;2;;0,0
4217253;São Pedro de Alcântara;SC;8;;0,0
4217303;Saudades;SC;4;;0,0
4217402;Schroeder;SC;3;;0,0
4217501;Seara;SC;3;;0,0
4217600;Siderópolis;SC;4;;0,0
4217709;Sombrio;SC;8;;0,0
4217758;Sul Brasil;SC;2;;0,0
4217808;Taió;SC;3;;0,0
4217907;Tangará;SC;7;;0,0
4218004;Tijucas;SC;2;;0,0
4218103;Timbé do Sul;SC;5;;0,0
4218202;Timbó;SC;6;;0,0
4218251;Timbó Grande;SC;3;;0,0
4218301;Três Barras;SC;12;;0,0
4218350;Treviso;SC;3;;0,0
4218509;Treze Tílias;SC;8;;0,0
4218608;Trombudo Central;SC;2;;0,0
4218707;Tubarão;SC;5;;0,0
4218756;Tunápolis;SC;6;;0,0
4218806;Turvo;SC;5;;0,0
4218855;União do Oeste;SC;2;;0,0
4218905;Urubici;SC;9;;0,0
4218954;Urupema;SC;2;;0,0
4219002;Urussanga;SC;8;;0,0
4219101;Vargeão;SC;3;;0,0
4219150;Vargem;SC;7;;0,0
4219200;Vidal Ramos;SC;2;;0,0
4219309;Videira;SC;4;;0,0
4219358;Vitor Meireles;SC;2;;0,0
4219408;Witmarsum;SC;5;;0,0
4219507;Xanxerê;SC;3;;0,0
4219606;Xavantina;SC;4;;0,0
4219705;Xaxim;SC;1;;0,0
4219853;Zortéa;SC;1;;0,0
4220000;Balneário Rincão;SC;1;;0,0
4300034;Aceguá;RS;1;;0,0
4300109;Agudo;RS;6;;0,0
4300208;Ajuricaba;RS;3;;0,0
4300307;Alecrim;RS;2;;0,0
4300406;Alegrete;RS;8;;0,0
4300455;Alegria;RS;1;;0,0
4300471;Almirante Tamandaré do Sul;RS;1;;0,0
4300505;Alpestre;RS;1;;0,0
4300554;Alto Alegre;RS;2;;0,0
4300570;Alto Feliz;RS;4;;0,0
4300604;Alvorada;RS;5;;0,0
4300638;Amaral Ferrador;RS;6;;0,0
4300646;Ametista do Sul;RS;3;;0,0
4300661;André da Rocha;RS;2;;0,0
4300703;Anta Gorda;RS;3;;0,0
4300802;Antônio Prado;RS;2;;0,0
4300851;Arambaré;RS;5;;0,0
4300877;Araricá;RS;6;;0,0
4300901;Aratiba;RS;3;;0,0
4301008;Arroio do Meio;RS;3;;0,0
4301073;Arroio do Padre;RS;1;;0,0
4301107;Arroio dos Ratos;RS;2;;0,0
4301206;Arroio do Tigre;RS;5;;0,0
4301305;Arroio Grande;RS;4;;0,0
4301404;Arvorezinha;RS;4;;0,0
4301503;Augusto Pestana;RS;1;;0,0
4301552;Áurea;RS;2;;0,0
4301602;Bagé;RS;2;;0,0
4301636;Balneário Pinhal;RS;2;;0,0
4301651;Barão;RS;4;;0,0
4301701;Barão de Cotegipe;RS;5;;0,0
4301750;Barão do Triunfo;RS;3;;0,0
4301800;Barracão;RS;1;;0,0
4301859;Barra do Guarita;RS;2;;0,0
4301875;Barra do Quaraí;RS;1;;0,0
4301909;Barra do Ribeiro;RS;6;;0,0
4301925;Barra do Rio Azul;RS;5;;0,0
4301958;Barra Funda;RS;2;;0,0
4302006;Barros Cassal;RS;7;;0,0
4302055;Benjamin Constant do Sul;RS;3;;0,0
4302105;Bento Gonçalves;RS;5;;0,0
4302154;Boa Vista das Missões;RS;2;;0,0
4302220;Boa Vista do Cadeado;RS;1;;0,0
4302238;Boa Vista do Incra;RS;2;;0,0
4302253;Boa Vista do Sul;RS;3;;0,0
4302303;Bom Jesus;RS;2;;0,0
4302352;Bom Princípio;RS;3;;0,0
4302378;Bom Progresso;RS;2;;0,0
4302402;Bom Retiro do Sul;RS;7;;0,0
4302451;Boqueirão do Leão;RS;5;;0,0
4302501;Bossoroca;RS;2;;0,0
4302584;Bozano;RS;1;;0,0
4302600;Braga;RS;2;;0,0
4302659;Brochier;RS;3;;0,0
4302709;Butiá;RS;1;;0,0
4302808;Caçapava do Sul;RS;4;;0,0
4302907;Cacequi;RS;4;;0,0
4303004;Cachoeira do Sul;RS;8;;0,0
4303103;Cachoeirinha;RS;4;;0,0
4303202;Cacique Doble;RS;4;;0,0
4303301;Caibaté;RS;1;;0,0
4303400;Caiçara;RS;2;;0,0
4303509;Camaquã;RS;6;;0,0
4303558;Camargo;RS;2;;0,0
4303673;Campestre da Serra;RS;2;;0,0
4303707;Campina das Missões;RS;3;;0,0
4303806;Campinas do Sul;RS;4;;0,0
4303905;Campo Bom;RS;3;;0,0
4304002;Campo Novo;RS;1;;0,0
4304101;Campos Borges;RS;5;;0,0
4304200;Candelária;RS;4;;0,0
4304309;Cândido Godói;RS;3;;0,0
4304358;Candiota;RS;3;;0,0
4304408;Canela;RS;1;;0,0
4304507;Canguçu;RS;6;;0,0
4304606;Canoas;RS;7;4304606;200000,0
4304614;Canudos do Vale;RS;3;;0,0
4304622;Capão Bonito do Sul;RS;3;;0,0
4304630;Capão da Canoa;RS;1;;0,0
4304655;Capão do Cipó;RS;6;;0,0
4304663;Capão do Leão;RS;2;;0,0
4304671;Capivari do Sul;RS;1;;0,0
4304689;Capela de Santana;RS;1;;0,0
4304697;Capitão;RS;2;;0,0
4304705;Carazinho;RS;1;;0,0
4304713;Caraá;RS;5;;0,0
4304804;Carlos Barbosa;RS;4;;0,0
4304853;Carlos Gomes;RS;2;;0,0
4304903;Casca;RS;2;;0,0
4305009;Catuípe;RS;1;;0,0
4305108;Caxias do Sul;RS;7;;0,0
4305116;Centenário;RS;5;;0,0
4305124;Cerrito;RS;3;;0,0
4305132;Cerro Branco;RS;3;;0,0
4305157;Cerro Grande;RS;5;;0,0
4305173;Cerro Grande do Sul;RS;4;;0,0
4305207;Cerro Largo;RS;2;;0,0
4305306;Chapada;RS;3;;0,0
4305355;Charqueadas;RS;4;;0,0
4305371;Charrua;RS;2;;0,0
4305405;Chiapetta;RS;2;;0,0
4305439;Chuí;RS;1;;0,0
4305447;Chuvisca;RS;6;;0,0
4305454;Cidreira;RS;1;;0,0
4305504;Ciríaco;RS;2;;0,0
4305587;Colinas;RS;4;;0,0
4305603;Colorado;RS;2;;0,0
4305702;Condor;RS;1;;0,0
4305801;Constantina;RS;2;;0,0
4305835;Coqueiro Baixo;RS;2;;0,0
4305850;Coqueiros do Sul;RS;1;;0,0
4305871;Coronel Barros;RS;1;;0,0
4305900;Coronel Bicaco;RS;2;;0,0
4305934;Coronel Pilar;RS;3;;0,0
4305959;Cotiporã;RS;4;;0,0
4305975;Coxilha;RS;3;;0,0
4306007;Crissiumal;RS;3;;0,0
4306056;Cristal;RS;5;;0,0
4306072;Cristal do Sul;RS;2;;0,0
4306106;Cruz Alta;RS;3;;0,0
4306130;Cruzaltense;RS;2;;0,0
4306205;Cruzeiro do Sul;RS;4;;0,0
4306304;David Canabarro;RS;3;;0,0
4306320;Derrubadas;RS;2;;0,0
4306353;Dezesseis de Novembro;RS;3;;0,0
4306379;Dilermando de Aguiar;RS;5;;0,0
4306403;Dois Irmãos;RS;2;;0,0
4306429;Dois Irmãos das Missões;RS;2;;0,0
4306452;Dois Lajeados;RS;2;;0,0
4306502;Dom Feliciano;RS;5;;0,0
4306551;Dom Pedro de Alcântara;RS;4;;0,0
4306601;Dom Pedrito;RS;4;;0,0
4306700;Dona Francisca;RS;6;;0,0
4306734;Doutor Maurício Cardoso;RS;3;;0,0
4306759;Doutor Ricardo;RS;3;;0,0
4306767;Eldorado do Sul;RS;9;;0,0
4306809;Encantado;RS;3;;0,0
4306908;Encruzilhada do Sul;RS;4;;0,0
4306924;Engenho Velho;RS;3;;0,0
4306932;Entre-Ijuís;RS;3;;0,0
4306957;Entre Rios do Sul;RS;2;;0,0
4306973;Erebango;RS;2;;0,0
4307005;Erechim;RS;7;;0,0
4307104;Herval;RS;2;;0,0
4307203;Erval Grande;RS;3;;0,0
4307302;Erval Seco;RS;3;;0,0
4307401;Esmeralda;RS;1;;0,0
4307450;Esperança do Sul;RS;2;;0,0
4307500;Espumoso;RS;6;;0,0
4307559;Estação;RS;4;;0,0
4307609;Estância Velha;RS;3;;0,0
4307708;Esteio;RS;5;4307708;150000,0
4307807;Estrela;RS;4;4307807;200000,0
4307815;Estrela Velha;RS;3;;0,0
4307831;Eugênio de Castro;RS;2;;0,0
4307864;Fagundes Varela;RS;1;;0,0
4307906;Farroupilha;RS;3;;0,0
4308003;Faxinal do Soturno;RS;5;;0,0
4308052;Faxinalzinho;RS;2;;0,0
4308078;Fazenda Vilanova;RS;1;;0,0
4308102;Feliz;RS;4;;0,0
4308201;Flores da Cunha;RS;1;;0,0
4308250;Floriano Peixoto;RS;3;;0,0
4308300;Fontoura Xavier;RS;1;;0,0
4308409;Formigueiro;RS;3;;0,0
4308433;Forquetinha;RS;2;;0,0
4308458;Fortaleza dos Valos;RS;2;;0,0
4308508;Frederico Westphalen;RS;3;;0,0
4308607;Garibaldi;RS;3;;0,0
4308656;Garruchos;RS;2;;0,0
4308706;Gaurama;RS;2;;0,0
4308805;General Câmara;RS;6;;0,0
4308854;Gentil;RS;6;;0,0
4308904;Getúlio Vargas;RS;3;;0,0
4309001;Giruá;RS;2;;0,0
4309050;Glorinha;RS;3;;0,0
4309100;Gramado;RS;5;;0,0
4309126;Gramado dos Loureiros;RS;2;;0,0
4309159;Gramado Xavier;RS;3;;0,0
4309209;Gravataí;RS;8;;0,0
4309258;Guabiju;RS;1;;0,0
4309308;Guaíba;RS;3;;0,0
4309407;Guaporé;RS;3;;0,0
4309506;Guarani das Missões;RS;1;;0,0
4309555;Harmonia;RS;6;;0,0
4309571;Herveiras;RS;1;;0,0
4309605;Horizontina;RS;1;;0,0
4309654;Hulha Negra;RS;4;;0,0
4309704;Humaitá;RS;1;;0,0
4309753;Ibarama;RS;4;;0,0
4309803;Ibiaçá;RS;4;;0,0
4309902;Ibiraiaras;RS;2;;0,0
4309951;Ibirapuitã;RS;3;;0,0
4310009;Ibirubá;RS;1;;0,0
4310108;Igrejinha;RS;6;;0,0
4310207;Ijuí;RS;2;;0,0
4310306;Ilópolis;RS;3;;0,0
4310363;Imigrante;RS;7;;0,0
4310405;Independência;RS;2;;0,0
4310413;Inhacorá;RS;1;;0,0
4310439;Ipê;RS;2;;0,0
4310462;Ipiranga do Sul;RS;3;;0,0
4310504;Iraí;RS;3;;0,0
4310538;Itaara;RS;4;;0,0
4310553;Itacurubi;RS;2;;0,0
4310579;Itapuca;RS;3;;0,0
4310603;Itaqui;RS;4;;0,0
4310652;Itati;RS;5;;0,0
4310702;Itatiba do Sul;RS;2;;0,0
4310751;Ivorá;RS;2;;0,0
4310801;Ivoti;RS;2;;0,0
4310850;Jaboticaba;RS;3;;0,0
4310876;Jacuizinho;RS;4;;0,0
4310900;Jacutinga;RS;3;;0,0
4311007;Jaguarão;RS;6;;0,0
4311106;Jaguari;RS;5;;0,0
4311122;Jaquirana;RS;2;;0,0
4311130;Jari;RS;2;;0,0
4311155;Jóia;RS;3;;0,0
4311205;Júlio de Castilhos;RS;5;;0,0
4311239;Lagoa Bonita do Sul;RS;3;;0,0
4311254;Lagoão;RS;3;;0,0
4311270;Lagoa dos Três Cantos;RS;2;;0,0
4311304;Lagoa Vermelha;RS;5;;0,0
4311403;Lajeado;RS;14;;0,0
4311429;Lajeado do Bugre;RS;1;;0,0
4311502;Lavras do Sul;RS;2;;0,0
4311601;Liberato Salzano;RS;3;;0,0
4311627;Lindolfo Collor;RS;3;;0,0
4311643;Linha Nova;RS;1;;0,0
4311700;Machadinho;RS;1;;0,0
4311718;Maçambará;RS;2;;0,0
4311734;Mampituba;RS;2;;0,0
4311759;Manoel Viana;RS;3;;0,0
4311775;Maquiné;RS;4;;0,0
4311791;Maratá;RS;3;;0,0
4311809;Marau;RS;3;;0,0
4311908;Marcelino Ramos;RS;7;;0,0
4311981;Mariana Pimentel;RS;1;;0,0
4312005;Mariano Moro;RS;2;;0,0
4312054;Marques de Souza;RS;3;;0,0
4312104;Mata;RS;5;;0,0
4312138;Mato Castelhano;RS;3;;0,0
4312153;Mato Leitão;RS;1;;0,0
4312179;Mato Queimado;RS;1;;0,0
4312203;Maximiliano de Almeida;RS;4;;0,0
4312252;Minas do Leão;RS;1;;0,0
4312302;Miraguaí;RS;2;;0,0
4312351;Montauri;RS;1;;0,0
4312377;Monte Alegre dos Campos;RS;1;;0,0
4312385;Monte Belo do Sul;RS;3;;0,0
4312401;Montenegro;RS;5;;0,0
4312427;Mormaço;RS;2;;0,0
4312443;Morrinhos do Sul;RS;5;;0,0
4312450;Morro Redondo;RS;2;;0,0
4312476;Morro Reuter;RS;2;;0,0
4312500;Mostardas;RS;4;;0,0
4312609;Muçum;RS;3;;0,0
4312617;Muitos Capões;RS;1;;0,0
4312625;Muliterno;RS;2;;0,0
4312658;Não-Me-Toque;RS;2;;0,0
4312674;Nicolau Vergueiro;RS;2;;0,0
4312708;Nonoai;RS;5;;0,0
4312757;Nova Alvorada;RS;2;;0,0
4312807;Nova Araçá;RS;1;;0,0
4312906;Nova Bassano;RS;2;;0,0
4312955;Nova Boa Vista;RS;3;;0,0
4313003;Nova Bréscia;RS;1;;0,0
4313037;Nova Esperança do Sul;RS;3;;0,0
4313060;Nova Hartz;RS;2;;0,0
4313086;Nova Pádua;RS;2;;0,0
4313102;Nova Palma;RS;7;;0,0
4313201;Nova Petrópolis;RS;3;;0,0
4313300;Nova Prata;RS;2;;0,0
4313334;Nova Ramada;RS;1;;0,0
4313359;Nova Roma do Sul;RS;4;;0,0
4313375;Nova Santa Rita;RS;5;;0,0
4313391;Novo Cabrais;RS;2;;0,0
4313409;Novo Hamburgo;RS;7;;0,0
4313425;Novo Machado;RS;2;;0,0
4313441;Novo Tiradentes;RS;2;;0,0
4313466;Novo Xingu;RS;2;;0,0
4313490;Novo Barreiro;RS;4;;0,0
4313508;Osório;RS;2;;0,0
4313607;Paim Filho;RS;2;;0,0
4313656;Palmares do Sul;RS;1;;0,0
4313706;Palmeira das Missões;RS;4;;0,0
4313805;Palmitinho;RS;2;;0,0
4313904;Panambi;RS;4;;0,0
4313953;Pantano Grande;RS;4;;0,0
4314001;Paraí;RS;3;;0,0
4314027;Paraíso do Sul;RS;5;;0,0
4314035;Pareci Novo;RS;6;;0,0
4314050;Parobé;RS;6;;0,0
4314068;Passa Sete;RS;9;;0,0
4314076;Passo do Sobrado;RS;3;;0,0
4314100;Passo Fundo;RS;2;;0,0
4314134;Paulo Bento;RS;2;;0,0
4314159;Paverama;RS;3;;0,0
4314175;Pedras Altas;RS;2;;0,0
4314209;Pedro Osório;RS;2;;0,0
4314308;Pejuçara;RS;1;;0,0
4314407;Pelotas;RS;4;;0,0
4314423;Picada Café;RS;3;;0,0
4314456;Pinhal;RS;2;;0,0
4314472;Pinhal Grande;RS;3;;0,0
4314498;Pinheirinho do Vale;RS;2;;0,0
4314506;Pinheiro Machado;RS;9;;0,0
4314548;Pinto Bandeira;RS;1;;0,0
4314555;Pirapó;RS;2;;0,0
4314605;Piratini;RS;4;;0,0
4314704;Planalto;RS;3;;0,0
4314753;Poço das Antas;RS;2;;0,0
4314779;Pontão;RS;2;;0,0
4314787;Ponte Preta;RS;5;;0,0
4314803;Portão;RS;2;;0,0
4314902;Porto Alegre;RS;7;;0,0
4315008;Porto Lucena;RS;2;;0,0
4315057;Porto Mauá;RS;2;;0,0
4315073;Porto Vera Cruz;RS;3;;0,0
4315107;Porto Xavier;RS;4;;0,0
4315131;Pouso Novo;RS;2;;0,0
4315149;Presidente Lucena;RS;3;;0,0
4315156;Progresso;RS;2;;0,0
4315172;Protásio Alves;RS;2;;0,0
4315206;Putinga;RS;4;;0,0
4315305;Quaraí;RS;2;;0,0
4315313;Quatro Irmãos;RS;1;;0,0
4315321;Quevedos;RS;4;;0,0
4315354;Quinze de Novembro;RS;2;;0,0
4315404;Redentora;RS;2;;0,0
4315453;Relvado;RS;4;;0,0
4315503;Restinga Seca;RS;3;;0,0
4315552;Rio dos Índios;RS;2;;0,0
4315602;Rio Grande;RS;5;;0,0
4315701;Rio Pardo;RS;3;;0,0
4315750;Riozinho;RS;3;;0,0
4315800;Roca Sales;RS;7;;0,0
4315909;Rodeio Bonito;RS;2;;0,0
4315958;Rolador;RS;1;;0,0
4316006;Rolante;RS;3;;0,0
4316105;Ronda Alta;RS;3;;0,0
4316204;Rondinha;RS;2;;0,0
4316303;Roque Gonzales;RS;1;;0,0
4316402;Rosário do Sul;RS;3;;0,0
4316428;Sagrada Família;RS;3;;0,0
4316436;Saldanha Marinho;RS;1;;0,0
4316451;Salto do Jacuí;RS;1;;0,0
4316477;Salvador das Missões;RS;1;;0,0
4316501;Salvador do Sul;RS;3;;0,0
4316600;Sananduva;RS;3;;0,0
4316709;Santa Bárbara do Sul;RS;2;;0,0
4316758;Santa Clara do Sul;RS;2;;0,0
4316808;Santa Cruz do Sul;RS;2;;0,0
4316907;Santa Maria;RS;10;;0,0
4316956;Santa Maria do Herval;RS;3;;0,0
4316972;Santa Margarida do Sul;RS;3;;0,0
4317004;Santana da Boa Vista;RS;3;;0,0
4317103;Sant`Ana do Livramento;RS;1;;0,0
4317202;Santa Rosa;RS;1;;0,0
4317251;Santa Tereza;RS;6;;0,0
4317301;Santa Vitória do Palmar;RS;5;;0,0
4317400;Santiago;RS;4;;0,0
4317509;Santo Ângelo;RS;4;;0,0
4317558;Santo Antônio do Palma;RS;3;;0,0
4317608;Santo Antônio da Patrulha;RS;8;;0,0
4317707;Santo Antônio das Missões;RS;1;;0,0
4317806;Santo Augusto;RS;2;;0,0
4317905;Santo Cristo;RS;2;;0,0
4317954;Santo Expedito do Sul;RS;4;;0,0
4318002;São Borja;RS;4;;0,0
4318051;São Domingos do Sul;RS;3;;0,0
4318101;São Francisco de Assis;RS;4;;0,0
4318200;São Francisco de Paula;RS;2;;0,0
4318309;São Gabriel;RS;2;;0,0
4318408;São Jerônimo;RS;4;;0,0
4318424;São João da Urtiga;RS;3;;0,0
4318432;São João do Polêsine;RS;3;;0,0
4318440;São Jorge;RS;2;;0,0
4318457;São José das Missões;RS;2;;0,0
4318465;São José do Herval;RS;2;;0,0
4318481;São José do Hortêncio;RS;3;;0,0
4318499;São José do Inhacorá;RS;1;;0,0
4318507;São José do Norte;RS;5;;0,0
4318606;São José do Ouro;RS;2;;0,0
4318614;São José do Sul;RS;3;;0,0
4318622;São José dos Ausentes;RS;2;;0,0
4318705;São Leopoldo;RS;4;;0,0
4318804;São Lourenço do Sul;RS;5;;0,0
4318903;São Luiz Gonzaga;RS;1;;0,0
4319000;São Marcos;RS;2;;0,0
4319109;São Martinho;RS;1;;0,0
4319125;São Martinho da Serra;RS;5;;0,0
4319158;São Miguel das Missões;RS;2;;0,0
4319208;São Nicolau;RS;2;;0,0
4319307;São Paulo das Missões;RS;1;;0,0
4319356;São Pedro da Serra;RS;1;;0,0
4319364;São Pedro das Missões;RS;2;;0,0
4319372;São Pedro do Butiá;RS;1;;0,0
4319406;São Pedro do Sul;RS;2;;0,0
4319505;São Sebastião do Caí;RS;5;;0,0
4319604;São Sepé;RS;9;;0,0
4319703;São Valentim;RS;2;;0,0
4319711;São Valentim do Sul;RS;3;;0,0
4319737;São Valério do Sul;RS;2;;0,0
4319752;São Vendelino;RS;5;;0,0
4319802;São Vicente do Sul;RS;5;;0,0
4319901;Sapiranga;RS;5;;0,0
4320008;Sapucaia do Sul;RS;4;;0,0
4320107;Sarandi;RS;1;;0,0
4320206;Seberi;RS;3;;0,0
4320230;Sede Nova;RS;2;;0,0
4320263;Segredo;RS;3;;0,0
4320305;Selbach;RS;1;;0,0
4320321;Senador Salgado Filho;RS;2;;0,0
4320354;Sentinela do Sul;RS;3;;0,0
4320404;Serafina Corrêa;RS;3;;0,0
4320453;Sério;RS;2;;0,0
4320503;Sertão;RS;3;;0,0
4320552;Sertão Santana;RS;1;;0,0
4320578;Sete de Setembro;RS;1;;0,0
4320602;Severiano de Almeida;RS;2;;0,0
4320651;Silveira Martins;RS;3;;0,0
4320677;Sinimbu;RS;3;;0,0
4320701;Sobradinho;RS;4;;0,0
4320800;Soledade;RS;2;;0,0
4320859;Tabaí;RS;2;;0,0
4321006;Tapera;RS;1;;0,0
4321105;Tapes;RS;4;;0,0
4321204;Taquara;RS;7;;0,0
4321303;Taquari;RS;5;;0,0
4321329;Taquaruçu do Sul;RS;2;;0,0
4321352;Tavares;RS;2;;0,0
4321402;Tenente Portela;RS;2;;0,0
4321436;Terra de Areia;RS;3;;0,0
4321451;Teutônia;RS;3;;0,0
4321469;Tio Hugo;RS;1;;0,0
4321477;Tiradentes do Sul;RS;2;;0,0
4321493;Toropi;RS;3;;0,0
4321501;Torres;RS;2;;0,0
4321626;Travesseiro;RS;2;;0,0
4321634;Três Arroios;RS;3;;0,0
4321667;Três Cachoeiras;RS;4;;0,0
4321709;Três Coroas;RS;3;;0,0
4321808;Três de Maio;RS;3;;0,0
4321832;Três Forquilhas;RS;4;;0,0
4321857;Três Palmeiras;RS;1;;0,0
4321907;Três Passos;RS;2;;0,0
4321956;Trindade do Sul;RS;2;;0,0
4322004;Triunfo;RS;3;;0,0
4322103;Tucunduva;RS;2;;0,0
4322152;Tunas;RS;3;;0,0
4322186;Tupanci do Sul;RS;2;;0,0
4322202;Tupanciretã;RS;4;;0,0
4322251;Tupandi;RS;3;;0,0
4322301;Tuparendi;RS;1;;0,0
4322327;Turuçu;RS;3;;0,0
4322343;Ubiretama;RS;2;;0,0
4322350;União da Serra;RS;2;;0,0
4322376;Unistalda;RS;1;;0,0
4322400;Uruguaiana;RS;5;;0,0
4322509;Vacaria;RS;2;;0,0
4322525;Vale Verde;RS;4;;0,0
4322533;Vale do Sol;RS;1;;0,0
4322541;Vale Real;RS;3;;0,0
4322558;Vanini;RS;1;;0,0
4322608;Venâncio Aires;RS;4;;0,0
4322707;Vera Cruz;RS;2;;0,0
4322806;Veranópolis;RS;3;;0,0
4322855;Vespasiano Correa;RS;3;;0,0
4322905;Viadutos;RS;3;;0,0
4323002;Viamão;RS;2;;0,0
4323101;Vicente Dutra;RS;2;;0,0
4323200;Victor Graeff;RS;1;;0,0
4323309;Vila Flores;RS;1;;0,0
4323408;Vila Maria;RS;3;;0,0
4323457;Vila Nova do Sul;RS;2;;0,0
4323507;Vista Alegre;RS;3;;0,0
4323606;Vista Alegre do Prata;RS;1;;0,0
4323705;Vista Gaúcha;RS;2;;0,0
4323754;Vitória das Missões;RS;1;;0,0
4323770;Westfalia;RS;3;;0,0
5000203;Água Clara;MS;5;;0,0
5000609;Amambai;MS;3;;0,0
5000906;Antônio João;MS;2;;0,0
5001102;Aquidauana;MS;3;;0,0
5001243;Aral Moreira;MS;1;;0,0
5001904;Bataguassu;MS;3;;0,0
5002001;Batayporã;MS;3;;0,0
5002100;Bela Vista;MS;5;;0,0
5002159;Bodoquena;MS;5;;0,0
5002209;Bonito;MS;2;;0,0
5002704;Campo Grande;MS;16;;0,0
5003108;Corguinho;MS;2;;0,0
5003157;Coronel Sapucaia;MS;10;;0,0
5003207;Corumbá;MS;2;;0,0
5003306;Coxim;MS;5;;0,0
5003454;Deodápolis;MS;3;;0,0
5003702;Dourados;MS;3;;0,0
5003751;Eldorado;MS;3;;0,0
5004106;Guia Lopes da Laguna;MS;1;;0,0
5004304;Iguatemi;MS;3;;0,0
5004403;Inocência;MS;1;;0,0
5004601;Itaquiraí;MS;2;;0,0
5004700;Ivinhema;MS;3;;0,0
5004809;Japorã;MS;3;;0,0
5004908;Jaraguari;MS;1;;0,0
5005004;Jardim;MS;4;;0,0
5005152;Juti;MS;7;;0,0
5005202;Ladário;MS;1;;0,0
5005400;Maracaju;MS;1;;0,0
5005608;Miranda;MS;2;;0,0
5005681;Mundo Novo;MS;3;;0,0
5005707;Naviraí;MS;2;;0,0
5005806;Nioaque;MS;23;;0,0
5006358;Paranhos;MS;2;;0,0
5006408;Pedro Gomes;MS;1;;0,0
5006606;Ponta Porã;MS;3;;0,0
5006903;Porto Murtinho;MS;1;;0,0
5007109;Ribas do Rio Pardo;MS;1;;0,0
5007406;Rio Verde de Mato Grosso;MS;8;;0,0
5007554;Santa Rita do Pardo;MS;1;;0,0
5007695;São Gabriel do Oeste;MS;1;;0,0
5007703;Sete Quedas;MS;2;;0,0
5007901;Sidrolândia;MS;3;;0,0
5007935;Sonora;MS;3;;0,0
5007950;Tacuru;MS;3;;0,0
5008305;Três Lagoas;MS;9;;0,0
5008404;Vicentina;MS;1;;0,0
5100201;Água Boa;MT;1;;0,0
5100508;Alto Paraguai;MT;2;;0,0
5101407;Aripuanã;MT;5;;0,0
5101605;Barão de Melgaço;MT;1;;0,0
5101803;Barra do Garças;MT;1;;0,0
5102504;Cáceres;MT;2;;0,0
5103007;Chapada dos Guimarães;MT;3;;0,0
5103056;Cláudia;MT;1;;0,0
5103254;Colniza;MT;5;;0,0
5103353;Confresa;MT;1;;0,0
5103403;Cuiabá;MT;2;5103403;2000000,0
5103908;General Carneiro;MT;1;;0,0
5104542;Itanhangá;MT;3;;0,0
5105101;Juara;MT;1;;0,0
5105176;Juruena;MT;1;;0,0
5105200;Juscimeira;MT;1;;0,0
5105259;Lucas do Rio Verde;MT;1;;0,0
5105309;Luciara;MT;2;;0,0
5105903;Nobres;MT;1;;0,0
5106109;Nossa Senhora do Livramento;MT;2;;0,0
5106158;Nova Bandeirantes;MT;3;;0,0
5106174;Nova Nazaré;MT;1;;0,0
5106208;Nova Brasilândia;MT;1;;0,0
5106232;Nova Olímpia;MT;1;;0,0
5106307;Paranatinga;MT;1;;0,0
5106315;Novo Santo Antônio;MT;1;;0,0
5106422;Peixoto de Azevedo;MT;1;;0,0
5106505;Poconé;MT;1;;0,0
5106778;Porto Alegre do Norte;MT;1;;0,0
5107206;Rio Branco;MT;1;;0,0
5107305;São José do Rio Claro;MT;1;;0,0
5107602;Rondonópolis;MT;1;;0,0
5107750;Salto do Céu;MT;1;;0,0
5107859;São Félix do Araguaia;MT;1;;0,0
5107909;Sinop;MT;1;;0,0
5107925;Sorriso;MT;3;;0,0
5107941;Tabaporã;MT;1;;0,0
5107958;Tangará da Serra;MT;2;;0,0
5108006;Tapurah;MT;1;;0,0
5108303;União do Sul;MT;1;;0,0
5108402;Várzea Grande;MT;2;5108402;14000000,0
5108600;Vila Rica;MT;3;;0,0
5200258;Águas Lindas de Goiás;GO;1;;0,0
5200803;Alvorada do Norte;GO;1;;0,0
5201108;Anápolis;GO;1;;0,0
5201306;Anicuns;GO;1;;0,0
5201405;Aparecida de Goiânia;GO;2;;0,0
5204508;Caldas Novas;GO;2;;0,0
5204656;Campinaçu;GO;1;;0,0
5205307;Cavalcante;GO;1;;0,0
5205802;Corumbá de Goiás;GO;1;;0,0
5207535;Faina;GO;1;;0,0
5207907;Flores de Goiás;GO;1;;0,0
5208004;Formosa;GO;2;;0,0
5208707;Goiânia;GO;4;;0,0
5209457;Guarinos;GO;3;;0,0
5209903;Iaciara;GO;1;;0,0
5210406;Itaberaí;GO;1;;0,0
5211503;Itumbiara;GO;1;;0,0
5212501;Luziânia;GO;5;;0,0
5212709;Mambaí;GO;1;;0,0
5213103;Mineiros;GO;5;;0,0
5213806;Morrinhos;GO;1;;0,0
5215231;Novo Gama;GO;2;;0,0
5217609;Planaltina;GO;2;;0,0
5218300;Posse;GO;1;;0,0
5218904;Rubiataba;GO;1;;0,0
5219704;Santa Terezinha de Goiás;GO;1;;0,0
5219753;Santo Antônio do Descoberto;GO;4;;0,0
5220405;São Simão;GO;1;;0,0
5220454;Senador Canedo;GO;2;;0,0
5220686;Simolândia;GO;1;;0,0
5221577;Uirapuru;GO;2;;0,0
5221700;Uruana;GO;1;;0,0
5221858;Valparaíso de Goiás;GO;1;;0,0
5300108;Brasília;DF;1;;0,0
