name,Eventos,Valor Empenhado,Grupo
Alta Floresta D`Oeste/RO,1,0.0,No earmark
Ariquemes/RO,1,0.0,No earmark
Cacoal/RO,2,0.0,No earmark
Cerejeiras/RO,1,0.0,No earmark
Jaru/RO,4,0.0,No earmark
Ji-Paraná/RO,4,0.0,No earmark
Nova Brasilândia D`Oeste/RO,1,0.0,No earmark
Pimenta Bueno/RO,2,0.0,No earmark
Porto Velho/RO,1,0.0,No earmark
Rio Crespo/RO,1,0.0,No earmark
Nova Mamoré/RO,1,0.0,No earmark
Buritis/RO,1,0.0,No earmark
Campo Novo de Rondônia/RO,1,0.0,No earmark
Ministro Andreazza/RO,1,0.0,No earmark
Parecis/RO,1,0.0,No earmark
Assis Brasil/AC,3,0.0,No earmark
Brasiléia/AC,3,0.0,No earmark
Capixaba/AC,2,0.0,No earmark
Cruzeiro do Sul/AC,2,0.0,No earmark
Epitaciolândia/AC,2,0.0,No earmark
Feijó/AC,4,0.0,No earmark
Jordão/AC,1,0.0,No earmark
Mâncio Lima/AC,4,0.0,No earmark
Manoel Urbano/AC,2,0.0,No earmark
Marechal Thaumaturgo/AC,2,0.0,No earmark
Plácido de Castro/AC,3,0.0,No earmark
Porto Walter/AC,1,0.0,No earmark
Rio Branco/AC,5,0.0,No earmark
Rodrigues Alves/AC,3,0.0,No earmark
Santa Rosa do Purus/AC,3,0.0,No earmark
Sena Madureira/AC,2,0.0,No earmark
Tarauacá/AC,8,0.0,No earmark
Xapuri/AC,2,0.0,No earmark
Porto Acre/AC,4,0.0,No earmark
Alvarães/AM,1,0.0,No earmark
Amaturá/AM,1,0.0,No earmark
Anamã/AM,1,0.0,No earmark
Anori/AM,1,0.0,No earmark
Apuí/AM,1,0.0,No earmark
Atalaia do Norte/AM,1,0.0,No earmark
Barcelos/AM,1,0.0,No earmark
Barreirinha/AM,2,0.0,No earmark
Benjamin Constant/AM,1,0.0,No earmark
Beruri/AM,1,0.0,No earmark
Boa Vista do Ramos/AM,2,0.0,No earmark
Boca do Acre/AM,3,0.0,No earmark
Borba/AM,3,0.0,No earmark
Caapiranga/AM,1,0.0,No earmark
Carauari/AM,1,0.0,No earmark
Careiro/AM,1,0.0,No earmark
Careiro da Várzea/AM,1,0.0,No earmark
Coari/AM,1,0.0,No earmark
Eirunepé/AM,3,0.0,No earmark
Envira/AM,1,0.0,No earmark
Fonte Boa/AM,3,0.0,No earmark
Guajará/AM,2,0.0,No earmark
Humaitá/AM,2,0.0,No earmark
Ipixuna/AM,1,0.0,No earmark
Iranduba/AM,1,0.0,No earmark
Itacoatiara/AM,2,0.0,No earmark
Itamarati/AM,1,0.0,No earmark
Itapiranga/AM,1,0.0,No earmark
Japurá/AM,2,0.0,No earmark
Juruá/AM,1,0.0,No earmark
Jutaí/AM,2,0.0,No earmark
Manacapuru/AM,3,0.0,No earmark
Manaquiri/AM,2,0.0,No earmark
Manaus/AM,2,0.0,No earmark
Manicoré/AM,1,0.0,No earmark
Maraã/AM,2,0.0,No earmark
Nova Olinda do Norte/AM,1,0.0,No earmark
Novo Aripuanã/AM,1,0.0,No earmark
Parintins/AM,2,0.0,No earmark
Presidente Figueiredo/AM,2,0.0,No earmark
Rio Preto da Eva/AM,1,0.0,No earmark
Santa Isabel do Rio Negro/AM,1,0.0,No earmark
Santo Antônio do Içá/AM,1,0.0,No earmark
São Paulo de Olivença/AM,1,0.0,No earmark
Tefé/AM,3,0.0,No earmark
Tonantins/AM,1,0.0,No earmark
Uarini/AM,1,0.0,No earmark
Urucurituba/AM,1,0.0,No earmark
Cantá/RR,1,0.0,No earmark
Caracaraí/RR,1,0.0,No earmark
Pacaraima/RR,1,0.0,No earmark
Uiramutã/RR,1,0.0,No earmark
Abaetetuba/PA,2,0.0,No earmark
Acará/PA,3,0.0,No earmark
Água Azul do Norte/PA,2,0.0,No earmark
Alenquer/PA,7,0.0,No earmark
Almeirim/PA,1,0.0,No earmark
Altamira/PA,6,0.0,No earmark
Ananindeua/PA,1,0.0,No earmark
Anapu/PA,2,0.0,No earmark
Aurora do Pará/PA,6,0.0,No earmark
Aveiro/PA,2,0.0,No earmark
Bagre/PA,2,0.0,No earmark
Baião/PA,3,0.0,No earmark
Bannach/PA,3,0.0,No earmark
Belém/PA,3,0.0,No earmark
Belterra/PA,3,0.0,No earmark
Bom Jesus do Tocantins/PA,2,0.0,No earmark
Bonito/PA,2,0.0,No earmark
Breu Branco/PA,2,0.0,No earmark
Breves/PA,3,0.0,No earmark
Bujaru/PA,3,0.0,No earmark
Cachoeira do Piriá/PA,2,0.0,No earmark
Cachoeira do Arari/PA,4,0.0,No earmark
Cametá/PA,2,0.0,No earmark
Capanema/PA,2,0.0,No earmark
Capitão Poço/PA,2,0.0,No earmark
Castanhal/PA,2,0.0,No earmark
Chaves/PA,1,0.0,No earmark
Colares/PA,2,0.0,No earmark
Concórdia do Pará/PA,3,0.0,No earmark
Cumaru do Norte/PA,1,0.0,No earmark
Curralinho/PA,2,0.0,No earmark
Curuá/PA,4,0.0,No earmark
Dom Eliseu/PA,3,0.0,No earmark
Eldorado dos Carajás/PA,3,0.0,No earmark
Faro/PA,1,0.0,No earmark
Garrafão do Norte/PA,1,0.0,No earmark
Goianésia do Pará/PA,3,0.0,No earmark
Igarapé-Açu/PA,1,0.0,No earmark
Ipixuna do Pará/PA,3,0.0,No earmark
Irituia/PA,4,0.0,No earmark
Itaituba/PA,3,0.0,No earmark
Itupiranga/PA,2,0.0,No earmark
Jacareacanga/PA,4,0.0,No earmark
Jacundá/PA,1,0.0,No earmark
Juruti/PA,8,0.0,No earmark
Limoeiro do Ajuru/PA,2,0.0,No earmark
Mãe do Rio/PA,3,0.0,No earmark
Magalhães Barata/PA,1,0.0,No earmark
Marabá/PA,3,0.0,No earmark
Maracanã/PA,9,0.0,No earmark
Marapanim/PA,2,0.0,No earmark
Medicilândia/PA,2,0.0,No earmark
Mocajuba/PA,2,0.0,No earmark
Moju/PA,1,0.0,No earmark
Mojuí dos Campos/PA,3,0.0,No earmark
Monte Alegre/PA,7,0.0,No earmark
Muaná/PA,2,0.0,No earmark
Nova Esperança do Piriá/PA,1,0.0,No earmark
Nova Ipixuna/PA,2,0.0,No earmark
Novo Progresso/PA,4,0.0,No earmark
Novo Repartimento/PA,3,0.0,No earmark
Óbidos/PA,12,0.0,No earmark
Oeiras do Pará/PA,2,0.0,No earmark
Oriximiná/PA,21,0.0,No earmark
Ourém/PA,2,0.0,No earmark
Ourilândia do Norte/PA,1,0.0,No earmark
Pacajá/PA,3,0.0,No earmark
Palestina do Pará/PA,2,0.0,No earmark
Paragominas/PA,5,0.0,No earmark
Parauapebas/PA,7,0.0,No earmark
Pau D`Arco/PA,3,0.0,No earmark
Placas/PA,3,0.0,No earmark
Ponta de Pedras/PA,2,0.0,No earmark
Portel/PA,2,0.0,No earmark
Porto de Moz/PA,2,0.0,No earmark
Prainha/PA,10,0.0,No earmark
Quatipuru/PA,1,0.0,No earmark
Rio Maria/PA,4,0.0,No earmark
Rondon do Pará/PA,7,0.0,No earmark
Rurópolis/PA,5,0.0,No earmark
Salvaterra/PA,4,0.0,No earmark
Santa Isabel do Pará/PA,1,0.0,No earmark
Santa Luzia do Pará/PA,3,0.0,No earmark
Santa Maria do Pará/PA,1,0.0,No earmark
Santarém/PA,9,0.0,No earmark
Santarém Novo/PA,1,0.0,No earmark
Santo Antônio do Tauá/PA,1,0.0,No earmark
São Domingos do Araguaia/PA,1,0.0,No earmark
São Domingos do Capim/PA,2,0.0,No earmark
São Félix do Xingu/PA,2,0.0,No earmark
São Geraldo do Araguaia/PA,2,0.0,No earmark
São João do Araguaia/PA,2,0.0,No earmark
São Miguel do Guamá/PA,4,0.0,No earmark
Sapucaia/PA,1,0.0,No earmark
Senador José Porfírio/PA,1,0.0,No earmark
Soure/PA,1,0.0,No earmark
Terra Alta/PA,2,0.0,No earmark
Terra Santa/PA,3,0.0,No earmark
Tomé-Açu/PA,2,0.0,No earmark
Trairão/PA,2,0.0,No earmark
Tucumã/PA,4,0.0,No earmark
Tucuruí/PA,3,0.0,No earmark
Ulianópolis/PA,4,0.0,No earmark
Uruará/PA,4,0.0,No earmark
Vigia/PA,1,0.0,No earmark
Viseu/PA,1,0.0,No earmark
Vitória do Xingu/PA,4,0.0,No earmark
Xinguara/PA,7,0.0,No earmark
Amapá/AP,1,0.0,No earmark
Calçoene/AP,3,0.0,No earmark
Macapá/AP,2,0.0,No earmark
Mazagão/AP,1,0.0,No earmark
Pracuúba/AP,1,0.0,No earmark
Santana/AP,1,0.0,No earmark
Tartarugalzinho/AP,3,0.0,No earmark
Vitória do Jari/AP,1,0.0,No earmark
Araguaína/TO,1,0.0,No earmark
Araguanã/TO,1,0.0,No earmark
Formoso do Araguaia/TO,2,0.0,No earmark
Guaraí/TO,1,0.0,No earmark
Itacajá/TO,1,0.0,No earmark
Lagoa da Confusão/TO,1,0.0,No earmark
Açailândia/MA,3,0.0,No earmark
Afonso Cunha/MA,3,0.0,No earmark
Alto Alegre do Pindaré/MA,3,0.0,No earmark
Anapurus/MA,1,0.0,No earmark
Arame/MA,2,0.0,No earmark
Arari/MA,3,0.0,No earmark
Bacabal/MA,2,0.0,No earmark
Bacuri/MA,1,0.0,No earmark
Bacurituba/MA,1,0.0,No earmark
Barra do Corda/MA,3,0.0,No earmark
Barreirinhas/MA,3,0.0,No earmark
Boa Vista do Gurupi/MA,2,0.0,No earmark
Bom Jardim/MA,2,0.0,No earmark
Buriti/MA,2,0.0,No earmark
Buriti Bravo/MA,1,0.0,No earmark
Buriticupu/MA,4,0.0,No earmark
Cachoeira Grande/MA,2,0.0,No earmark
Cajari/MA,2,0.0,No earmark
Cantanhede/MA,2,0.0,No earmark
Carutapera/MA,1,0.0,No earmark
Centro Novo do Maranhão/MA,1,0.0,No earmark
Codó/MA,3,0.0,No earmark
Colinas/MA,2,0.0,No earmark
Conceição do Lago-Açu/MA,3,0.0,No earmark
Coroatá/MA,1,0.0,No earmark
Cururupu/MA,1,0.0,No earmark
Duque Bacelar/MA,1,0.0,No earmark
Esperantinópolis/MA,1,0.0,No earmark
Formosa da Serra Negra/MA,2,0.0,No earmark
Fortuna/MA,1,0.0,No earmark
Godofredo Viana/MA,1,0.0,No earmark
Governador Nunes Freire/MA,3,0.0,No earmark
Graça Aranha/MA,1,0.0,No earmark
Grajaú/MA,3,0.0,No earmark
Guimarães/MA,1,0.0,No earmark
Icatu/MA,2,0.0,No earmark
Igarapé do Meio/MA,1,0.0,No earmark
Igarapé Grande/MA,1,0.0,No earmark
Imperatriz/MA,1,0.0,No earmark
Itaipava do Grajaú/MA,2,0.0,No earmark
Itapecuru Mirim/MA,2,0.0,No earmark
Itinga do Maranhão/MA,1,0.0,No earmark
Jenipapo dos Vieiras/MA,2,0.0,No earmark
Joselândia/MA,1,0.0,No earmark
Lago da Pedra/MA,2,0.0,No earmark
Lagoa Grande do Maranhão/MA,2,0.0,No earmark
Lima Campos/MA,1,0.0,No earmark
Marajá do Sena/MA,1,0.0,No earmark
Matinha/MA,1,0.0,No earmark
Matões do Norte/MA,2,0.0,No earmark
Mirinzal/MA,2,0.0,No earmark
Monção/MA,4,0.0,No earmark
Nina Rodrigues/MA,2,0.0,No earmark
Olinda Nova do Maranhão/MA,1,0.0,No earmark
Paço do Lumiar/MA,2,0.0,No earmark
Palmeirândia/MA,3,0.0,No earmark
Pedreiras/MA,1,0.0,No earmark
Pedro do Rosário/MA,3,0.0,No earmark
Penalva/MA,1,0.0,No earmark
Peri Mirim/MA,3,0.0,No earmark
Peritoró/MA,1,0.0,No earmark
Pindaré-Mirim/MA,3,0.0,No earmark
Pinheiro/MA,1,0.0,No earmark
Pirapemas/MA,1,0.0,No earmark
Poção de Pedras/MA,2,0.0,No earmark
Presidente Juscelino/MA,1,0.0,No earmark
Presidente Sarney/MA,1,0.0,No earmark
Presidente Vargas/MA,2,0.0,No earmark
Raposa/MA,3,0.0,No earmark
Rosário/MA,3,0.0,No earmark
Santa Helena/MA,1,0.0,No earmark
Santa Inês/MA,3,0.0,No earmark
Santa Luzia/MA,2,0.0,No earmark
Santo Antônio dos Lopes/MA,1,0.0,No earmark
São Benedito do Rio Preto/MA,2,0.0,No earmark
São Bento/MA,3,0.0,No earmark
São Bernardo/MA,1,0.0,No earmark
São João Batista/MA,2,0.0,No earmark
São João do Carú/MA,1,0.0,No earmark
São João do Soter/MA,2,0.0,No earmark
São José de Ribamar/MA,1,0.0,No earmark
São Luís/MA,2,0.0,No earmark
São Luís Gonzaga do Maranhão/MA,1,0.0,No earmark
São Mateus do Maranhão/MA,1,0.0,No earmark
São Pedro da Água Branca/MA,1,0.0,No earmark
São Roberto/MA,2,0.0,No earmark
São Vicente Ferrer/MA,1,0.0,No earmark
Satubinha/MA,2,0.0,No earmark
Serrano do Maranhão/MA,1,0.0,No earmark
Timon/MA,1,0.0,No earmark
Trizidela do Vale/MA,2,0.0,No earmark
Tufilândia/MA,1,0.0,No earmark
Tuntum/MA,2,0.0,No earmark
Turilândia/MA,2,0.0,No earmark
Tutóia/MA,4,0.0,No earmark
Vargem Grande/MA,1,0.0,No earmark
Viana/MA,2,0.0,No earmark
Vitória do Mearim/MA,2,0.0,No earmark
Zé Doca/MA,1,0.0,No earmark
Aroazes/PI,1,0.0,No earmark
Barras/PI,2,0.0,No earmark
Barreiras do Piauí/PI,1,0.0,No earmark
Batalha/PI,2,0.0,No earmark
Campo Largo do Piauí/PI,1,0.0,No earmark
Caridade do Piauí/PI,1,0.0,No earmark
Currais/PI,1,0.0,No earmark
Domingos Mourão/PI,2,0.0,No earmark
Esperantina/PI,1,0.0,No earmark
Itainópolis/PI,1,0.0,No earmark
Luzilândia/PI,1,0.0,No earmark
Pedro II/PI,2,0.0,No earmark
Picos/PI,9,0.0,No earmark
Piripiri/PI,2,0.0,No earmark
Santa Cruz dos Milagres/PI,1,0.0,No earmark
São João da Varjota/PI,1,0.0,No earmark
São Luis do Piauí/PI,1,0.0,No earmark
Teresina/PI,1,0.0,No earmark
Uruçuí/PI,1,0.0,No earmark
Vera Mendes/PI,1,0.0,No earmark
Acopiara/CE,2,0.0,No earmark
Altaneira/CE,1,0.0,No earmark
Antonina do Norte/CE,1,0.0,No earmark
Aquiraz/CE,1,0.0,No earmark
Aracoiaba/CE,1,0.0,No earmark
Ararendá/CE,1,0.0,No earmark
Aratuba/CE,2,0.0,No earmark
Barreira/CE,1,0.0,No earmark
Capistrano/CE,3,0.0,No earmark
Cascavel/CE,1,0.0,No earmark
Caucaia/CE,2,0.0,No earmark
Crateús/CE,1,0.0,No earmark
Crato/CE,3,0.0,No earmark
Deputado Irapuan Pinheiro/CE,1,0.0,No earmark
Farias Brito/CE,1,0.0,No earmark
Fortaleza/CE,1,250000.0,Received
Guaramiranga/CE,1,0.0,No earmark
Ibaretama/CE,1,0.0,No earmark
Independência/CE,1,0.0,No earmark
Irauçuba/CE,5,0.0,No earmark
Itapajé/CE,2,0.0,No earmark
Itapipoca/CE,1,0.0,No earmark
Lavras da Mangabeira/CE,1,0.0,No earmark
Limoeiro do Norte/CE,1,0.0,No earmark
Massapê/CE,1,0.0,No earmark
Meruoca/CE,1,0.0,No earmark
Milhã/CE,1,0.0,No earmark
Missão Velha/CE,2,0.0,No earmark
Mombaça/CE,1,0.0,No earmark
Nova Russas/CE,3,0.0,No earmark
Pacatuba/CE,1,0.0,No earmark
Paraipaba/CE,7,0.0,No earmark
Pedra Branca/CE,1,0.0,No earmark
Penaforte/CE,1,0.0,No earmark
Pindoretama/CE,1,0.0,No earmark
Piquet Carneiro/CE,1,0.0,No earmark
Poranga/CE,2,0.0,No earmark
Porteiras/CE,1,0.0,No earmark
Quixeramobim/CE,1,0.0,No earmark
Quixeré/CE,1,0.0,No earmark
Redenção/CE,3,0.0,No earmark
Santa Quitéria/CE,1,0.0,No earmark
São Benedito/CE,1,0.0,No earmark
São Gonçalo do Amarante/CE,1,0.0,No earmark
Senador Pompeu/CE,1,0.0,No earmark
Sobral/CE,2,0.0,No earmark
Tabuleiro do Norte/CE,1,0.0,No earmark
Tururu/CE,1,0.0,No earmark
Umirim/CE,1,0.0,No earmark
Uruburetama/CE,17,0.0,No earmark
Várzea Alegre/CE,1,0.0,No earmark
Afonso Bezerra/RN,2,0.0,No earmark
Alexandria/RN,1,0.0,No earmark
Almino Afonso/RN,1,0.0,No earmark
Angicos/RN,1,0.0,No earmark
Apodi/RN,2,0.0,No earmark
Baía Formosa/RN,1,0.0,No earmark
Caiçara do Rio do Vento/RN,2,0.0,No earmark
Caicó/RN,1,0.0,No earmark
Canguaretama/RN,11,0.0,No earmark
Caraúbas/RN,1,0.0,No earmark
Ceará-Mirim/RN,1,0.0,No earmark
Cerro Corá/RN,1,0.0,No earmark
Coronel Ezequiel/RN,1,0.0,No earmark
Coronel João Pessoa/RN,1,0.0,No earmark
Doutor Severiano/RN,2,0.0,No earmark
Parnamirim/RN,4,0.0,No earmark
Extremoz/RN,2,0.0,No earmark
Felipe Guerra/RN,1,0.0,No earmark
Goianinha/RN,1,0.0,No earmark
Ielmo Marinho/RN,1,0.0,No earmark
Ipanguaçu/RN,4,0.0,No earmark
Itajá/RN,1,0.0,No earmark
Janduís/RN,1,0.0,No earmark
Boa Saúde/RN,2,0.0,No earmark
Jardim de Angicos/RN,1,0.0,No earmark
Jucurutu/RN,2,0.0,No earmark
Lagoa de Pedras/RN,1,0.0,No earmark
Lagoa Nova/RN,1,0.0,No earmark
Lajes/RN,1,0.0,No earmark
Lajes Pintadas/RN,1,0.0,No earmark
Macaíba/RN,1,0.0,No earmark
Maxaranguape/RN,5,0.0,No earmark
Monte Alegre/RN,1,0.0,No earmark
Mossoró/RN,1,0.0,No earmark
Natal/RN,4,5750000.0,Received
Nísia Floresta/RN,2,0.0,No earmark
Nova Cruz/RN,2,0.0,No earmark
Parelhas/RN,1,0.0,No earmark
Rio do Fogo/RN,1,0.0,No earmark
Santa Maria/RN,2,0.0,No earmark
Pedra Grande/RN,1,0.0,No earmark
Pedro Avelino/RN,1,0.0,No earmark
Pedro Velho/RN,1,0.0,No earmark
Porto do Mangue/RN,1,0.0,No earmark
Riachuelo/RN,1,0.0,No earmark
Santa Cruz/RN,1,0.0,No earmark
Santana do Matos/RN,1,0.0,No earmark
São José de Mipibu/RN,3,0.0,No earmark
São Miguel do Gostoso/RN,1,0.0,No earmark
São Rafael/RN,1,0.0,No earmark
São Tomé/RN,2,0.0,No earmark
Serrinha/RN,1,0.0,No earmark
Taboleiro Grande/RN,1,0.0,No earmark
Taipu/RN,1,0.0,No earmark
Tenente Laurentino Cruz/RN,1,0.0,No earmark
Timbaúba dos Batistas/RN,1,0.0,No earmark
Touros/RN,2,0.0,No earmark
Triunfo Potiguar/RN,1,0.0,No earmark
Upanema/RN,2,0.0,No earmark
Venha-Ver/RN,1,0.0,No earmark
Baía da Traição/PB,1,0.0,No earmark
Campina Grande/PB,1,500000.0,Received
Conceição/PB,1,0.0,No earmark
Conde/PB,1,0.0,No earmark
Ibiara/PB,1,0.0,No earmark
Lucena/PB,1,0.0,No earmark
Mamanguape/PB,1,0.0,No earmark
Mataraca/PB,1,0.0,No earmark
Abreu e Lima/PE,16,0.0,No earmark
Água Preta/PE,1,0.0,No earmark
Amaraji/PE,11,0.0,No earmark
Angelim/PE,1,0.0,No earmark
Barreiros/PE,3,0.0,No earmark
Belém de Maria/PE,1,0.0,No earmark
Bezerros/PE,1,0.0,No earmark
Bom Conselho/PE,1,0.0,No earmark
Bonito/PE,2,0.0,No earmark
Brejo da Madre de Deus/PE,4,0.0,No earmark
Camaragibe/PE,4,0.0,No earmark
Caruaru/PE,1,0.0,No earmark
Catende/PE,1,0.0,No earmark
Correntes/PE,2,0.0,No earmark
Cortês/PE,2,0.0,No earmark
Gameleira/PE,3,0.0,No earmark
Goiana/PE,2,0.0,No earmark
Igarassu/PE,1,0.0,No earmark
Ingazeira/PE,1,0.0,No earmark
Ipojuca/PE,47,0.0,No earmark
Ipubi/PE,1,0.0,No earmark
Itaíba/PE,1,0.0,No earmark
Ilha de Itamaracá/PE,2,0.0,No earmark
Itapissuma/PE,1,500000.0,Received
Jaboatão dos Guararapes/PE,2,5000000.0,Received
Jaqueira/PE,3,0.0,No earmark
Jataúba/PE,1,0.0,No earmark
Joaquim Nabuco/PE,4,0.0,No earmark
Manari/PE,1,0.0,No earmark
Maraial/PE,1,0.0,No earmark
Palmares/PE,1,0.0,No earmark
Parnamirim/PE,1,0.0,No earmark
Passira/PE,1,0.0,No earmark
Paulista/PE,1,0.0,No earmark
Petrolina/PE,5,0.0,No earmark
Primavera/PE,8,0.0,No earmark
Quipapá/PE,2,0.0,No earmark
Riacho das Almas/PE,1,0.0,No earmark
Ribeirão/PE,3,0.0,No earmark
Rio Formoso/PE,1,0.0,No earmark
Santa Cruz do Capibaribe/PE,1,0.0,No earmark
São Benedito do Sul/PE,4,0.0,No earmark
São João/PE,1,0.0,No earmark
São José da Coroa Grande/PE,2,0.0,No earmark
São Lourenço da Mata/PE,1,0.0,No earmark
São Vicente Ferrer/PE,1,0.0,No earmark
Sertânia/PE,1,0.0,No earmark
Tamandaré/PE,6,0.0,No earmark
Taquaritinga do Norte/PE,2,0.0,No earmark
Timbaúba/PE,1,0.0,No earmark
Trindade/PE,1,0.0,No earmark
Triunfo/PE,1,0.0,No earmark
Vicência/PE,2,0.0,No earmark
Xexéu/PE,2,0.0,No earmark
Atalaia/AL,1,0.0,No earmark
Barra de Santo Antônio/AL,1,0.0,No earmark
Barra de São Miguel/AL,1,0.0,No earmark
Branquinha/AL,1,0.0,No earmark
Cajueiro/AL,1,0.0,No earmark
Capela/AL,1,0.0,No earmark
Colônia Leopoldina/AL,1,0.0,No earmark
Coqueiro Seco/AL,2,0.0,No earmark
Ibateguara/AL,1,0.0,No earmark
Igreja Nova/AL,1,0.0,No earmark
Jacuípe/AL,1,0.0,No earmark
Jequiá da Praia/AL,2,0.0,No earmark
Joaquim Gomes/AL,1,0.0,No earmark
Jundiá/AL,1,0.0,No earmark
Maceió/AL,1,0.0,No earmark
Maragogi/AL,1,0.0,No earmark
Marechal Deodoro/AL,2,0.0,No earmark
Matriz de Camaragibe/AL,1,0.0,No earmark
Murici/AL,2,0.0,No earmark
Paripueira/AL,1,0.0,No earmark
Passo de Camaragibe/AL,2,0.0,No earmark
Penedo/AL,1,0.0,No earmark
Pilar/AL,1,0.0,No earmark
Porto Calvo/AL,1,0.0,No earmark
Quebrangulo/AL,1,0.0,No earmark
Rio Largo/AL,2,0.0,No earmark
Santa Luzia do Norte/AL,1,0.0,No earmark
Santana do Mundaú/AL,1,0.0,No earmark
São José da Laje/AL,2,0.0,No earmark
São Luís do Quitunde/AL,2,0.0,No earmark
São Miguel dos Campos/AL,1,0.0,No earmark
São Miguel dos Milagres/AL,2,0.0,No earmark
Satuba/AL,3,0.0,No earmark
União dos Palmares/AL,1,0.0,No earmark
Viçosa/AL,1,0.0,No earmark
Aracaju/SE,5,0.0,No earmark
Areia Branca/SE,1,0.0,No earmark
Barra dos Coqueiros/SE,4,0.0,No earmark
Campo do Brito/SE,1,0.0,No earmark
Canindé de São Francisco/SE,1,0.0,No earmark
Capela/SE,1,0.0,No earmark
Estância/SE,3,0.0,No earmark
Frei Paulo/SE,1,0.0,No earmark
Ilha das Flores/SE,1,0.0,No earmark
Lagarto/SE,1,0.0,No earmark
Laranjeiras/SE,1,0.0,No earmark
Maruim/SE,2,0.0,No earmark
Neópolis/SE,1,0.0,No earmark
Nossa Senhora do Socorro/SE,1,0.0,No earmark
Poço Verde/SE,1,0.0,No earmark
Propriá/SE,3,0.0,No earmark
Santa Rosa de Lima/SE,1,0.0,No earmark
São Cristóvão/SE,3,0.0,No earmark
Amélia Rodrigues/BA,2,0.0,No earmark
Anagé/BA,1,0.0,No earmark
Andorinha/BA,2,0.0,No earmark
Antônio Cardoso/BA,1,0.0,No earmark
Araci/BA,1,0.0,No earmark
Aurelino Leal/BA,1,0.0,No earmark
Baixa Grande/BA,1,0.0,No earmark
Barra/BA,1,0.0,No earmark
Belmonte/BA,1,0.0,No earmark
Boa Nova/BA,1,0.0,No earmark
Boa Vista do Tupim/BA,1,0.0,No earmark
Bom Jesus da Lapa/BA,1,0.0,No earmark
Brejões/BA,2,0.0,No earmark
Brumado/BA,2,0.0,No earmark
Caetité/BA,3,0.0,No earmark
Cairu/BA,1,0.0,No earmark
Camacan/BA,1,0.0,No earmark
Canavieiras/BA,2,0.0,No earmark
Cansanção/BA,3,0.0,No earmark
Canudos/BA,1,0.0,No earmark
Cícero Dantas/BA,6,0.0,No earmark
Coaraci/BA,1,0.0,No earmark
Conde/BA,1,0.0,No earmark
Condeúba/BA,1,0.0,No earmark
Contendas do Sincorá/BA,2,0.0,No earmark
Cotegipe/BA,2,0.0,No earmark
Cravolândia/BA,1,0.0,No earmark
Dário Meira/BA,4,0.0,No earmark
Encruzilhada/BA,1,0.0,No earmark
Entre Rios/BA,3,0.0,No earmark
Firmino Alves/BA,2,0.0,No earmark
Floresta Azul/BA,1,0.0,No earmark
Gandu/BA,1,0.0,No earmark
Heliópolis/BA,1,0.0,No earmark
Ibicaraí/BA,1,0.0,No earmark
Ibicuí/BA,1,0.0,No earmark
Ibirapitanga/BA,1,0.0,No earmark
Ibirataia/BA,1,0.0,No earmark
Igaporã/BA,1,0.0,No earmark
Iguaí/BA,1,0.0,No earmark
Ilhéus/BA,3,0.0,No earmark
Itaberaba/BA,1,0.0,No earmark
Itacaré/BA,1,0.0,No earmark
Itaju do Colônia/BA,1,0.0,No earmark
Itajuípe/BA,1,0.0,No earmark
Itamari/BA,1,0.0,No earmark
Itambé/BA,1,0.0,No earmark
Itapebi/BA,3,0.0,No earmark
Itapetinga/BA,1,0.0,No earmark
Itapicuru/BA,1,0.0,No earmark
Itarantim/BA,1,0.0,No earmark
Itiruçu/BA,1,0.0,No earmark
Itiúba/BA,1,0.0,No earmark
Itororó/BA,2,0.0,No earmark
Jacobina/BA,4,0.0,No earmark
Jaguaquara/BA,1,0.0,No earmark
Jaguarari/BA,1,0.0,No earmark
Jequié/BA,1,0.0,No earmark
Jeremoabo/BA,1,0.0,No earmark
Juazeiro/BA,2,0.0,No earmark
Lagoa Real/BA,1,0.0,No earmark
Lajedo do Tabocal/BA,1,0.0,No earmark
Lauro de Freitas/BA,1,0.0,No earmark
Lençóis/BA,1,0.0,No earmark
Licínio de Almeida/BA,1,0.0,No earmark
Luís Eduardo Magalhães/BA,1,0.0,No earmark
Macaúbas/BA,1,0.0,No earmark
Maiquinique/BA,3,0.0,No earmark
Mansidão/BA,1,0.0,No earmark
Medeiros Neto/BA,4,0.0,No earmark
Miguel Calmon/BA,1,0.0,No earmark
Milagres/BA,1,0.0,No earmark
Mirante/BA,1,0.0,No earmark
Monte Santo/BA,1,0.0,No earmark
Mucugê/BA,2,0.0,No earmark
Muquém do São Francisco/BA,2,0.0,No earmark
Mutuípe/BA,1,0.0,No earmark
Nova Canaã/BA,1,0.0,No earmark
Pau Brasil/BA,2,0.0,No earmark
Paulo Afonso/BA,1,0.0,No earmark
Pedro Alexandre/BA,1,0.0,No earmark
Porto Seguro/BA,2,0.0,No earmark
Queimadas/BA,1,0.0,No earmark
Quijingue/BA,1,0.0,No earmark
Riachão do Jacuípe/BA,1,0.0,No earmark
Ribeira do Amparo/BA,1,0.0,No earmark
Ribeira do Pombal/BA,3,0.0,No earmark
Rio Real/BA,2,0.0,No earmark
Santa Brígida/BA,1,0.0,No earmark
Santa Cruz Cabrália/BA,3,0.0,No earmark
Santaluz/BA,2,0.0,No earmark
Santa Luzia/BA,1,0.0,No earmark
Santa Maria da Vitória/BA,1,0.0,No earmark
Santana/BA,2,0.0,No earmark
Santo Amaro/BA,1,0.0,No earmark
São Domingos/BA,1,0.0,No earmark
São Miguel das Matas/BA,3,0.0,No earmark
Saubara/BA,1,0.0,No earmark
Serra do Ramalho/BA,1,0.0,No earmark
Simões Filho/BA,1,0.0,No earmark
Sítio do Mato/BA,1,0.0,No earmark
Sobradinho/BA,1,0.0,No earmark
Tanhaçu/BA,1,0.0,No earmark
Ubaíra/BA,2,0.0,No earmark
Ubatã/BA,1,0.0,No earmark
Uruçuca/BA,2,0.0,No earmark
Valença/BA,2,0.0,No earmark
Wagner/BA,1,0.0,No earmark
Wanderley/BA,2,0.0,No earmark
Abre Campo/MG,1,0.0,No earmark
Acaiaca/MG,3,0.0,No earmark
Açucena/MG,3,0.0,No earmark
Água Boa/MG,6,0.0,No earmark
Águas Formosas/MG,2,0.0,No earmark
Águas Vermelhas/MG,1,0.0,No earmark
Aimorés/MG,1,0.0,No earmark
Além Paraíba/MG,1,0.0,No earmark
Alfenas/MG,5,0.0,No earmark
Alfredo Vasconcelos/MG,2,0.0,No earmark
Almenara/MG,3,0.0,No earmark
Alto Rio Doce/MG,1,0.0,No earmark
Alvinópolis/MG,3,0.0,No earmark
Alvorada de Minas/MG,3,0.0,No earmark
Amparo do Serra/MG,1,0.0,No earmark
Cachoeira de Pajeú/MG,2,0.0,No earmark
Angelândia/MG,2,0.0,No earmark
Antônio Carlos/MG,1,0.0,No earmark
Antônio Dias/MG,1,0.0,No earmark
Araçuaí/MG,3,0.0,No earmark
Araguari/MG,3,0.0,No earmark
Arantina/MG,1,0.0,No earmark
Araponga/MG,1,0.0,No earmark
Araxá/MG,4,0.0,No earmark
Argirita/MG,1,0.0,No earmark
Aricanduva/MG,1,0.0,No earmark
Arinos/MG,2,0.0,No earmark
Astolfo Dutra/MG,2,0.0,No earmark
Ataléia/MG,3,0.0,No earmark
Augusto de Lima/MG,1,0.0,No earmark
Baependi/MG,1,0.0,No earmark
Bandeira/MG,2,0.0,No earmark
Bandeira do Sul/MG,1,0.0,No earmark
Barão de Monte Alto/MG,1,0.0,No earmark
Barbacena/MG,8,0.0,No earmark
Barra Longa/MG,1,0.0,No earmark
Barroso/MG,1,0.0,No earmark
Belo Oriente/MG,1,0.0,No earmark
Berilo/MG,2,0.0,No earmark
Bertópolis/MG,1,0.0,No earmark
Bom Despacho/MG,2,0.0,No earmark
Bom Jesus do Galho/MG,1,0.0,No earmark
Bonito de Minas/MG,1,0.0,No earmark
Botumirim/MG,1,0.0,No earmark
Brasília de Minas/MG,1,0.0,No earmark
Braúnas/MG,1,0.0,No earmark
Brasópolis/MG,2,0.0,No earmark
Brumadinho/MG,1,0.0,No earmark
Bueno Brandão/MG,1,0.0,No earmark
Buenópolis/MG,1,0.0,No earmark
Bugre/MG,1,0.0,No earmark
Buritis/MG,1,0.0,No earmark
Cachoeira da Prata/MG,1,0.0,No earmark
Caiana/MG,1,0.0,No earmark
Caldas/MG,2,0.0,No earmark
Camanducaia/MG,2,0.0,No earmark
Cambuí/MG,3,0.0,No earmark
Cambuquira/MG,1,0.0,No earmark
Campanário/MG,2,0.0,No earmark
Campanha/MG,3,0.0,No earmark
Campo Azul/MG,1,0.0,No earmark
Campo Belo/MG,3,0.0,No earmark
Campo Florido/MG,3,0.0,No earmark
Campos Altos/MG,1,0.0,No earmark
Campos Gerais/MG,1,0.0,No earmark
Canápolis/MG,1,0.0,No earmark
Cana Verde/MG,2,0.0,No earmark
Candeias/MG,2,0.0,No earmark
Caparaó/MG,1,0.0,No earmark
Capelinha/MG,1,0.0,No earmark
Capetinga/MG,1,0.0,No earmark
Capinópolis/MG,4,0.0,No earmark
Capitão Andrade/MG,1,0.0,No earmark
Capitólio/MG,3,0.0,No earmark
Caraí/MG,2,0.0,No earmark
Caranaíba/MG,2,0.0,No earmark
Carandaí/MG,1,0.0,No earmark
Carangola/MG,1,0.0,No earmark
Caratinga/MG,1,0.0,No earmark
Carbonita/MG,1,0.0,No earmark
Carlos Chagas/MG,3,0.0,No earmark
Carmésia/MG,1,0.0,No earmark
Carmo da Mata/MG,2,0.0,No earmark
Carmo de Minas/MG,1,0.0,No earmark
Carmo do Cajuru/MG,1,0.0,No earmark
Carmópolis de Minas/MG,1,0.0,No earmark
Carvalhópolis/MG,2,0.0,No earmark
Cássia/MG,1,0.0,No earmark
Conceição da Barra de Minas/MG,2,0.0,No earmark
Cataguases/MG,2,0.0,No earmark
Catuji/MG,2,0.0,No earmark
Caxambu/MG,6,0.0,No earmark
Cedro do Abaeté/MG,1,0.0,No earmark
Chapada do Norte/MG,1,0.0,No earmark
Chapada Gaúcha/MG,1,0.0,No earmark
Cipotânea/MG,3,0.0,No earmark
Claro dos Poções/MG,1,0.0,No earmark
Coluna/MG,2,0.0,No earmark
Comendador Gomes/MG,1,0.0,No earmark
Comercinho/MG,1,0.0,No earmark
Conceição de Ipanema/MG,2,0.0,No earmark
Conceição do Mato Dentro/MG,2,0.0,No earmark
Conceição do Pará/MG,2,0.0,No earmark
Cônego Marinho/MG,2,0.0,No earmark
Congonhal/MG,1,0.0,No earmark
Congonhas/MG,1,0.0,No earmark
Conquista/MG,1,0.0,No earmark
Conselheiro Pena/MG,4,0.0,No earmark
Consolação/MG,1,0.0,No earmark
Contagem/MG,8,0.0,No earmark
Coração de Jesus/MG,1,0.0,No earmark
Coroaci/MG,1,0.0,No earmark
Coronel Fabriciano/MG,2,0.0,No earmark
Córrego Danta/MG,1,0.0,No earmark
Córrego do Bom Jesus/MG,2,0.0,No earmark
Crisólita/MG,1,0.0,No earmark
Cristália/MG,1,0.0,No earmark
Cristina/MG,1,0.0,No earmark
Crucilândia/MG,3,0.0,No earmark
Cuparaque/MG,2,0.0,No earmark
Curral de Dentro/MG,3,0.0,No earmark
Delfim Moreira/MG,3,0.0,No earmark
Descoberto/MG,1,0.0,No earmark
Desterro de Entre Rios/MG,3,0.0,No earmark
Desterro do Melo/MG,3,0.0,No earmark
Diamantina/MG,4,0.0,No earmark
Diogo de Vasconcelos/MG,2,0.0,No earmark
Dionísio/MG,1,0.0,No earmark
Divinésia/MG,1,0.0,No earmark
Divino/MG,1,0.0,No earmark
Divino das Laranjeiras/MG,1,0.0,No earmark
Divinópolis/MG,2,0.0,No earmark
Divisópolis/MG,1,0.0,No earmark
Dom Cavati/MG,1,0.0,No earmark
Dom Silvério/MG,3,0.0,No earmark
Dona Eusébia/MG,5,0.0,No earmark
Dores de Guanhães/MG,1,0.0,No earmark
Dores do Turvo/MG,1,0.0,No earmark
Durandé/MG,1,0.0,No earmark
Engenheiro Caldas/MG,1,0.0,No earmark
Engenheiro Navarro/MG,3,0.0,No earmark
Entre Rios de Minas/MG,1,0.0,No earmark
Espinosa/MG,1,0.0,No earmark
Estrela Dalva/MG,1,0.0,No earmark
Eugenópolis/MG,2,0.0,No earmark
Ewbank da Câmara/MG,1,0.0,No earmark
Fama/MG,1,0.0,No earmark
Faria Lemos/MG,2,0.0,No earmark
Felício dos Santos/MG,2,0.0,No earmark
São Gonçalo do Rio Preto/MG,1,0.0,No earmark
Ferros/MG,2,0.0,No earmark
Fervedouro/MG,1,0.0,No earmark
Formiga/MG,2,0.0,No earmark
Francisco Badaró/MG,1,0.0,No earmark
Francisco Sá/MG,1,0.0,No earmark
Franciscópolis/MG,1,0.0,No earmark
Frei Gaspar/MG,1,0.0,No earmark
Frei Inocêncio/MG,1,0.0,No earmark
Frutal/MG,3,0.0,No earmark
Galiléia/MG,4,0.0,No earmark
Gameleiras/MG,1,0.0,No earmark
Glaucilândia/MG,5,0.0,No earmark
Goiabeira/MG,2,0.0,No earmark
Gonçalves/MG,1,0.0,No earmark
Gouveia/MG,1,0.0,No earmark
Governador Valadares/MG,2,0.0,No earmark
Grão Mogol/MG,4,0.0,No earmark
Guanhães/MG,3,0.0,No earmark
Guaranésia/MG,4,0.0,No earmark
Guarani/MG,2,0.0,No earmark
Guaxupé/MG,2,0.0,No earmark
Guidoval/MG,1,0.0,No earmark
Guiricema/MG,3,0.0,No earmark
Iapu/MG,1,0.0,No earmark
Ibiaí/MG,3,0.0,No earmark
Ibiracatu/MG,1,0.0,No earmark
Ibirité/MG,1,0.0,No earmark
Icaraí de Minas/MG,1,0.0,No earmark
Iguatama/MG,3,0.0,No earmark
Ilicínea/MG,2,0.0,No earmark
Inhapim/MG,1,0.0,No earmark
Ipanema/MG,1,0.0,No earmark
Ipatinga/MG,5,0.0,No earmark
Iraí de Minas/MG,1,0.0,No earmark
Itabira/MG,1,0.0,No earmark
Itabirinha/MG,13,0.0,No earmark
Itacarambi/MG,1,0.0,No earmark
Itaguara/MG,1,0.0,No earmark
Itaipé/MG,1,0.0,No earmark
Itajubá/MG,7,0.0,No earmark
Itambacuri/MG,2,0.0,No earmark
Itaobim/MG,1,0.0,No earmark
Itapecerica/MG,7,0.0,No earmark
Itaúna/MG,2,0.0,No earmark
Itueta/MG,1,0.0,No earmark
Itumirim/MG,1,0.0,No earmark
Iturama/MG,1,0.0,No earmark
Itutinga/MG,2,0.0,No earmark
Jacinto/MG,1,0.0,No earmark
Jaguaraçu/MG,2,0.0,No earmark
Jampruca/MG,2,0.0,No earmark
Jequeri/MG,1,0.0,No earmark
Jequitibá/MG,1,0.0,No earmark
Jequitinhonha/MG,3,0.0,No earmark
Joaíma/MG,1,0.0,No earmark
João Monlevade/MG,1,0.0,No earmark
João Pinheiro/MG,2,0.0,No earmark
Jordânia/MG,1,0.0,No earmark
José Gonçalves de Minas/MG,1,0.0,No earmark
Nova União/MG,1,0.0,No earmark
Juatuba/MG,1,0.0,No earmark
Juiz de Fora/MG,27,0.0,No earmark
Juramento/MG,3,0.0,No earmark
Ladainha/MG,2,0.0,No earmark
Lagoa dos Patos/MG,1,0.0,No earmark
Lambari/MG,1,0.0,No earmark
Lamim/MG,1,0.0,No earmark
Laranjal/MG,2,0.0,No earmark
Lassance/MG,1,0.0,No earmark
Lavras/MG,8,0.0,No earmark
Leandro Ferreira/MG,4,0.0,No earmark
Leme do Prado/MG,2,0.0,No earmark
Lima Duarte/MG,2,0.0,No earmark
Luminárias/MG,1,0.0,No earmark
Machacalis/MG,3,0.0,No earmark
Machado/MG,3,0.0,No earmark
Malacacheta/MG,5,0.0,No earmark
Mamonas/MG,2,0.0,No earmark
Manga/MG,2,0.0,No earmark
Manhuaçu/MG,8,0.0,No earmark
Mantena/MG,2,0.0,No earmark
Maria da Fé/MG,1,0.0,No earmark
Mariana/MG,4,0.0,No earmark
Maripá de Minas/MG,2,0.0,No earmark
Marliéria/MG,4,0.0,No earmark
Martinho Campos/MG,1,0.0,No earmark
Martins Soares/MG,1,0.0,No earmark
Mata Verde/MG,1,0.0,No earmark
Materlândia/MG,2,0.0,No earmark
Mateus Leme/MG,1,0.0,No earmark
Matipó/MG,1,0.0,No earmark
Matozinhos/MG,1,0.0,No earmark
Medina/MG,1,0.0,No earmark
Mendes Pimentel/MG,1,0.0,No earmark
Mercês/MG,2,0.0,No earmark
Mesquita/MG,1,0.0,No earmark
Mirabela/MG,1,0.0,No earmark
Miradouro/MG,1,0.0,No earmark
Miraí/MG,1,0.0,No earmark
Monte Alegre de Minas/MG,1,0.0,No earmark
Monte Azul/MG,2,0.0,No earmark
Monte Santo de Minas/MG,1,0.0,No earmark
Monte Sião/MG,1,0.0,No earmark
Montezuma/MG,1,0.0,No earmark
Munhoz/MG,1,0.0,No earmark
Muriaé/MG,1,0.0,No earmark
Mutum/MG,2,0.0,No earmark
Nanuque/MG,2,0.0,No earmark
Natércia/MG,1,0.0,No earmark
Nazareno/MG,2,0.0,No earmark
Nepomuceno/MG,3,0.0,No earmark
Nova Belém/MG,3,0.0,No earmark
Nova Era/MG,1,0.0,No earmark
Nova Porteirinha/MG,2,0.0,No earmark
Nova Serrana/MG,1,0.0,No earmark
Novo Cruzeiro/MG,3,0.0,No earmark
Novo Oriente de Minas/MG,3,0.0,No earmark
Novorizonte/MG,1,0.0,No earmark
Olímpio Noronha/MG,1,0.0,No earmark
Oliveira/MG,1,0.0,No earmark
Oratórios/MG,2,0.0,No earmark
Ouro Fino/MG,1,0.0,No earmark
Ouro Preto/MG,2,0.0,No earmark
Ouro Verde de Minas/MG,7,0.0,No earmark
Padre Carvalho/MG,2,0.0,No earmark
Padre Paraíso/MG,3,0.0,No earmark
Palma/MG,1,0.0,No earmark
Paracatu/MG,3,0.0,No earmark
Pará de Minas/MG,12,0.0,No earmark
Paraisópolis/MG,1,0.0,No earmark
Paraopeba/MG,1,0.0,No earmark
Passa Quatro/MG,1,0.0,No earmark
Passos/MG,1,0.0,No earmark
Patos de Minas/MG,1,0.0,No earmark
Patrocínio do Muriaé/MG,1,0.0,No earmark
Paula Cândido/MG,4,0.0,No earmark
Pavão/MG,2,0.0,No earmark
Peçanha/MG,1,0.0,No earmark
Pedra Azul/MG,2,0.0,No earmark
Pedra Bonita/MG,3,0.0,No earmark
Pedra Dourada/MG,1,0.0,No earmark
Pedralva/MG,1,0.0,No earmark
Pequeri/MG,3,0.0,No earmark
Perdões/MG,1,0.0,No earmark
Periquito/MG,1,0.0,No earmark
Piedade dos Gerais/MG,1,0.0,No earmark
Pintópolis/MG,1,0.0,No earmark
Piracema/MG,1,0.0,No earmark
Piranga/MG,1,0.0,No earmark
Piranguçu/MG,1,0.0,No earmark
Pirapora/MG,2,0.0,No earmark
Pitangui/MG,1,0.0,No earmark
Pocrane/MG,1,0.0,No earmark
Pompéu/MG,3,0.0,No earmark
Ponto Chique/MG,1,0.0,No earmark
Porteirinha/MG,2,0.0,No earmark
Porto Firme/MG,1,0.0,No earmark
Poté/MG,2,0.0,No earmark
Pouso Alegre/MG,3,0.0,No earmark
Prata/MG,3,0.0,No earmark
Pratápolis/MG,1,0.0,No earmark
Presidente Bernardes/MG,2,0.0,No earmark
Presidente Juscelino/MG,1,0.0,No earmark
Presidente Olegário/MG,3,0.0,No earmark
Raposos/MG,4,0.0,No earmark
Raul Soares/MG,1,0.0,No earmark
Recreio/MG,3,0.0,No earmark
Reduto/MG,2,0.0,No earmark
Resende Costa/MG,1,0.0,No earmark
Resplendor/MG,1,0.0,No earmark
Ressaquinha/MG,3,0.0,No earmark
Riacho dos Machados/MG,2,0.0,No earmark
Ribeirão Vermelho/MG,1,0.0,No earmark
Rio Casca/MG,1,0.0,No earmark
Rio Doce/MG,2,0.0,No earmark
Rio do Prado/MG,1,0.0,No earmark
Rio Espera/MG,1,0.0,No earmark
Rio Novo/MG,2,0.0,No earmark
Rio Pardo de Minas/MG,1,0.0,No earmark
Rio Pomba/MG,1,0.0,No earmark
Rio Preto/MG,3,0.0,No earmark
Rio Vermelho/MG,1,0.0,No earmark
Ritápolis/MG,1,0.0,No earmark
Rochedo de Minas/MG,1,0.0,No earmark
Rosário da Limeira/MG,4,0.0,No earmark
Rubelita/MG,2,0.0,No earmark
Sabará/MG,1,0.0,No earmark
Sacramento/MG,1,0.0,No earmark
Salinas/MG,4,0.0,No earmark
Salto da Divisa/MG,1,0.0,No earmark
Santa Bárbara do Tugúrio/MG,1,0.0,No earmark
Santa Cruz de Minas/MG,1,0.0,No earmark
Santa Cruz do Escalvado/MG,1,0.0,No earmark
Santa Efigênia de Minas/MG,2,0.0,No earmark
Santa Helena de Minas/MG,3,0.0,No earmark
Santa Luzia/MG,2,0.0,No earmark
Santa Maria de Itabira/MG,1,0.0,No earmark
Santa Maria do Salto/MG,3,0.0,No earmark
Santana do Deserto/MG,1,0.0,No earmark
Santana do Jacaré/MG,3,0.0,No earmark
Santana do Paraíso/MG,2,0.0,No earmark
Santana dos Montes/MG,1,0.0,No earmark
Santa Rita de Caldas/MG,2,0.0,No earmark
Santa Rita do Itueto/MG,1,0.0,No earmark
Santa Rosa da Serra/MG,1,0.0,No earmark
Santo Antônio do Amparo/MG,1,0.0,No earmark
Santo Antônio do Aventureiro/MG,1,0.0,No earmark
Santo Antônio do Itambé/MG,5,0.0,No earmark
Santo Antônio do Jacinto/MG,1,0.0,No earmark
Santos Dumont/MG,2,0.0,No earmark
São Domingos do Prata/MG,5,0.0,No earmark
São Francisco/MG,3,0.0,No earmark
São Geraldo/MG,1,0.0,No earmark
São Geraldo da Piedade/MG,1,0.0,No earmark
São Geraldo do Baixio/MG,2,0.0,No earmark
São Gonçalo do Abaeté/MG,4,0.0,No earmark
São Gonçalo do Pará/MG,1,0.0,No earmark
São Gonçalo do Sapucaí/MG,2,0.0,No earmark
São Gotardo/MG,2,0.0,No earmark
São João da Ponte/MG,1,0.0,No earmark
São João das Missões/MG,2,0.0,No earmark
São João do Manteninha/MG,2,0.0,No earmark
São João do Oriente/MG,1,0.0,No earmark
São João do Paraíso/MG,2,0.0,No earmark
São José da Lapa/MG,1,0.0,No earmark
São José da Safira/MG,1,0.0,No earmark
São José do Divino/MG,4,0.0,No earmark
São José do Goiabal/MG,1,0.0,No earmark
São José do Jacuri/MG,1,0.0,No earmark
São Lourenço/MG,3,0.0,No earmark
São Pedro do Suaçuí/MG,2,0.0,No earmark
São Romão/MG,1,0.0,No earmark
São Roque de Minas/MG,2,0.0,No earmark
São Sebastião da Bela Vista/MG,1,0.0,No earmark
São Sebastião da Vargem Alegre/MG,1,0.0,No earmark
São Sebastião do Rio Preto/MG,1,0.0,No earmark
São Tiago/MG,1,0.0,No earmark
São Thomé das Letras/MG,3,0.0,No earmark
São Vicente de Minas/MG,1,0.0,No earmark
Sardoá/MG,1,0.0,No earmark
Setubinha/MG,4,0.0,No earmark
Sem-Peixe/MG,1,0.0,No earmark
Senador Amaral/MG,1,0.0,No earmark
Senador Firmino/MG,1,0.0,No earmark
Senador Modestino Gonçalves/MG,1,0.0,No earmark
Senhora do Porto/MG,1,0.0,No earmark
Senhora dos Remédios/MG,3,0.0,No earmark
Serra Azul de Minas/MG,2,0.0,No earmark
Serranópolis de Minas/MG,4,0.0,No earmark
Serro/MG,2,0.0,No earmark
Sete Lagoas/MG,6,0.0,No earmark
Silveirânia/MG,1,0.0,No earmark
Silvianópolis/MG,1,0.0,No earmark
Sobrália/MG,1,0.0,No earmark
Soledade de Minas/MG,2,0.0,No earmark
Tabuleiro/MG,1,0.0,No earmark
Tapira/MG,1,0.0,No earmark
Taquaraçu de Minas/MG,1,0.0,No earmark
Tarumirim/MG,2,0.0,No earmark
Teófilo Otoni/MG,5,0.0,No earmark
Timóteo/MG,4,0.0,No earmark
Tocantins/MG,1,0.0,No earmark
Três Corações/MG,2,0.0,No earmark
Tumiritinga/MG,2,0.0,No earmark
Turmalina/MG,3,0.0,No earmark
Ubá/MG,2,0.0,No earmark
Uberaba/MG,1,0.0,No earmark
Uberlândia/MG,1,0.0,No earmark
Umburatiba/MG,2,0.0,No earmark
Unaí/MG,3,0.0,No earmark
Urucânia/MG,2,0.0,No earmark
Urucuia/MG,1,0.0,No earmark
Vargem Bonita/MG,1,0.0,No earmark
Varginha/MG,1,0.0,No earmark
Várzea da Palma/MG,1,0.0,No earmark
Vazante/MG,4,0.0,No earmark
Veríssimo/MG,1,0.0,No earmark
Vespasiano/MG,2,0.0,No earmark
Viçosa/MG,2,0.0,No earmark
Virgolândia/MG,3,0.0,No earmark
Visconde do Rio Branco/MG,3,0.0,No earmark
Wenceslau Braz/MG,3,0.0,No earmark
Afonso Cláudio/ES,2,0.0,No earmark
Alegre/ES,4,0.0,No earmark
Alfredo Chaves/ES,3,0.0,No earmark
Anchieta/ES,1,0.0,No earmark
Apiacá/ES,1,0.0,No earmark
Aracruz/ES,1,0.0,No earmark
Atilio Vivacqua/ES,1,0.0,No earmark
Baixo Guandu/ES,8,0.0,No earmark
Barra de São Francisco/ES,5,0.0,No earmark
Boa Esperança/ES,1,0.0,No earmark
Bom Jesus do Norte/ES,3,0.0,No earmark
Cachoeiro de Itapemirim/ES,3,0.0,No earmark
Colatina/ES,3,0.0,No earmark
Conceição do Castelo/ES,1,0.0,No earmark
Domingos Martins/ES,1,0.0,No earmark
Dores do Rio Preto/ES,1,0.0,No earmark
Fundão/ES,2,0.0,No earmark
Governador Lindenberg/ES,1,0.0,No earmark
Guaçuí/ES,5,0.0,No earmark
Ibatiba/ES,1,0.0,No earmark
Ibiraçu/ES,1,0.0,No earmark
Ibitirama/ES,2,0.0,No earmark
Iconha/ES,6,0.0,No earmark
Irupi/ES,7,0.0,No earmark
Itaguaçu/ES,4,0.0,No earmark
Itapemirim/ES,1,0.0,No earmark
Itarana/ES,3,0.0,No earmark
Jerônimo Monteiro/ES,2,0.0,No earmark
Linhares/ES,6,0.0,No earmark
Marechal Floriano/ES,4,0.0,No earmark
Mimoso do Sul/ES,11,0.0,No earmark
Muniz Freire/ES,4,0.0,No earmark
Muqui/ES,3,0.0,No earmark
Rio Bananal/ES,1,0.0,No earmark
Rio Novo do Sul/ES,1,0.0,No earmark
Santa Leopoldina/ES,3,0.0,No earmark
Santa Teresa/ES,1,0.0,No earmark
São Domingos do Norte/ES,1,0.0,No earmark
São José do Calçado/ES,2,0.0,No earmark
São Mateus/ES,4,0.0,No earmark
São Roque do Canaã/ES,1,0.0,No earmark
Vargem Alta/ES,5,0.0,No earmark
Venda Nova do Imigrante/ES,5,0.0,No earmark
Viana/ES,2,0.0,No earmark
Vila Velha/ES,1,0.0,No earmark
Vitória/ES,5,0.0,No earmark
Angra dos Reis/RJ,2,0.0,No earmark
Aperibé/RJ,2,0.0,No earmark
Arraial do Cabo/RJ,7,0.0,No earmark
Barra do Piraí/RJ,12,0.0,No earmark
Barra Mansa/RJ,1,0.0,No earmark
Belford Roxo/RJ,1,0.0,No earmark
Bom Jesus do Itabapoana/RJ,5,0.0,No earmark
Cachoeiras de Macacu/RJ,3,0.0,No earmark
Cambuci/RJ,3,0.0,No earmark
Comendador Levy Gasparian/RJ,2,0.0,No earmark
Campos dos Goytacazes/RJ,2,1268737.18,Received
Cantagalo/RJ,2,0.0,No earmark
Cardoso Moreira/RJ,1,0.0,No earmark
Carmo/RJ,2,0.0,No earmark
Conceição de Macabu/RJ,1,0.0,No earmark
Cordeiro/RJ,1,0.0,No earmark
Duque de Caxias/RJ,4,0.0,No earmark
Engenheiro Paulo de Frontin/RJ,5,0.0,No earmark
Guapimirim/RJ,5,0.0,No earmark
Italva/RJ,4,0.0,No earmark
Itaocara/RJ,5,0.0,No earmark
Itaperuna/RJ,3,0.0,No earmark
Japeri/RJ,4,0.0,No earmark
Laje do Muriaé/RJ,2,0.0,No earmark
Macaé/RJ,1,0.0,No earmark
Macuco/RJ,4,0.0,No earmark
Magé/RJ,11,0.0,No earmark
Mendes/RJ,4,0.0,No earmark
Mesquita/RJ,2,0.0,No earmark
Miguel Pereira/RJ,1,0.0,No earmark
Miracema/RJ,2,0.0,No earmark
Nilópolis/RJ,2,0.0,No earmark
Nova Friburgo/RJ,3,0.0,No earmark
Nova Iguaçu/RJ,5,0.0,No earmark
Paracambi/RJ,4,0.0,No earmark
Paraty/RJ,1,0.0,No earmark
Petrópolis/RJ,4,1863800.0,Received
Piraí/RJ,2,0.0,No earmark
Queimados/RJ,2,0.0,No earmark
Rio Claro/RJ,5,0.0,No earmark
Rio das Flores/RJ,1,0.0,No earmark
Rio das Ostras/RJ,1,0.0,No earmark
Rio de Janeiro/RJ,2,4116150.0,Received
Santa Maria Madalena/RJ,5,0.0,No earmark
Santo Antônio de Pádua/RJ,3,0.0,No earmark
São Francisco de Itabapoana/RJ,3,0.0,No earmark
São Fidélis/RJ,3,0.0,No earmark
São Gonçalo/RJ,2,12219069.0,Received
São João da Barra/RJ,1,0.0,No earmark
São João de Meriti/RJ,1,0.0,No earmark
São José de Ubá/RJ,3,0.0,No earmark
São José do Vale do Rio Preto/RJ,1,0.0,No earmark
São Pedro da Aldeia/RJ,1,0.0,No earmark
São Sebastião do Alto/RJ,2,0.0,No earmark
Sapucaia/RJ,5,0.0,No earmark
Saquarema/RJ,1,0.0,No earmark
Silva Jardim/RJ,2,0.0,No earmark
Teresópolis/RJ,3,1000000.0,Received
Trajano de Moraes/RJ,1,0.0,No earmark
Valença/RJ,3,0.0,No earmark
Varre-Sai/RJ,2,0.0,No earmark
Vassouras/RJ,11,0.0,No earmark
Volta Redonda/RJ,1,0.0,No earmark
Adamantina/SP,1,0.0,No earmark
Agudos/SP,1,0.0,No earmark
Américo Brasiliense/SP,1,0.0,No earmark
Assis/SP,1,0.0,No earmark
Avaré/SP,1,0.0,No earmark
Barretos/SP,1,0.0,No earmark
Barrinha/SP,1,0.0,No earmark
Bertioga/SP,1,0.0,No earmark
Boituva/SP,1,0.0,No earmark
Brotas/SP,2,0.0,No earmark
Caçapava/SP,1,0.0,No earmark
Cachoeira Paulista/SP,1,0.0,No earmark
Caconde/SP,1,0.0,No earmark
Caiabu/SP,1,0.0,No earmark
Caieiras/SP,2,0.0,No earmark
Cajamar/SP,1,0.0,No earmark
Campinas/SP,1,0.0,No earmark
Capivari/SP,1,0.0,No earmark
Caraguatatuba/SP,1,0.0,No earmark
Cássia dos Coqueiros/SP,1,0.0,No earmark
Charqueada/SP,1,0.0,No earmark
Cosmópolis/SP,1,0.0,No earmark
Cunha/SP,1,0.0,No earmark
Diadema/SP,3,0.0,No earmark
Dumont/SP,1,0.0,No earmark
Embu das Artes/SP,3,0.0,No earmark
Embu-Guaçu/SP,1,0.0,No earmark
Fernando Prestes/SP,1,0.0,No earmark
Ferraz de Vasconcelos/SP,2,0.0,No earmark
Francisco Morato/SP,3,0.0,No earmark
Franco da Rocha/SP,2,0.0,No earmark
Getulina/SP,3,0.0,No earmark
Guararema/SP,1,0.0,No earmark
Guaratinguetá/SP,1,0.0,No earmark
Guariba/SP,2,0.0,No earmark
Guarujá/SP,1,0.0,No earmark
Ibiúna/SP,12,0.0,No earmark
Iepê/SP,1,0.0,No earmark
Igarapava/SP,1,0.0,No earmark
Ilhabela/SP,2,0.0,No earmark
Indiana/SP,1,0.0,No earmark
Iporanga/SP,1,0.0,No earmark
Itaberá/SP,2,0.0,No earmark
Itapecerica da Serra/SP,3,0.0,No earmark
Itaporanga/SP,1,0.0,No earmark
Itaquaquecetuba/SP,2,0.0,No earmark
Itirapina/SP,1,0.0,No earmark
Jales/SP,1,0.0,No earmark
Jambeiro/SP,1,0.0,No earmark
João Ramalho/SP,2,0.0,No earmark
José Bonifácio/SP,1,0.0,No earmark
Limeira/SP,2,0.0,No earmark
Lins/SP,1,0.0,No earmark
Mairiporã/SP,2,0.0,No earmark
Maracaí/SP,1,0.0,No earmark
Marília/SP,1,0.0,No earmark
Martinópolis/SP,1,0.0,No earmark
Mauá/SP,1,0.0,No earmark
Mirandópolis/SP,1,0.0,No earmark
Mogi das Cruzes/SP,1,0.0,No earmark
Mombuca/SP,1,0.0,No earmark
Mongaguá/SP,1,0.0,No earmark
Monteiro Lobato/SP,2,0.0,No earmark
Monte Mor/SP,2,0.0,No earmark
Morro Agudo/SP,2,0.0,No earmark
Morungaba/SP,1,0.0,No earmark
Natividade da Serra/SP,1,0.0,No earmark
Novo Horizonte/SP,1,0.0,No earmark
Osasco/SP,5,0.0,No earmark
Osvaldo Cruz/SP,4,0.0,No earmark
Ouro Verde/SP,1,0.0,No earmark
Pacaembu/SP,2,0.0,No earmark
Panorama/SP,1,0.0,No earmark
Paraibuna/SP,3,0.0,No earmark
Pardinho/SP,1,0.0,No earmark
Pariquera-Açu/SP,1,0.0,No earmark
Peruíbe/SP,1,0.0,No earmark
Piedade/SP,1,0.0,No earmark
Piquerobi/SP,1,0.0,No earmark
Piracaia/SP,1,0.0,No earmark
Pirapora do Bom Jesus/SP,1,0.0,No earmark
Poá/SP,2,0.0,No earmark
Porto Ferreira/SP,2,0.0,No earmark
Potirendaba/SP,1,0.0,No earmark
Presidente Epitácio/SP,1,0.0,No earmark
Presidente Prudente/SP,1,0.0,No earmark
Rafard/SP,2,0.0,No earmark
Ribeira/SP,2,0.0,No earmark
Ribeirão Pires/SP,1,0.0,No earmark
Rio Claro/SP,1,0.0,No earmark
Santa Bárbara D`Oeste/SP,1,0.0,No earmark
Santa Branca/SP,1,0.0,No earmark
Santa Isabel/SP,1,0.0,No earmark
Santa Maria da Serra/SP,1,0.0,No earmark
São Bento do Sapucaí/SP,3,0.0,No earmark
São João da Boa Vista/SP,4,0.0,No earmark
São José do Rio Pardo/SP,1,0.0,No earmark
São Luís do Paraitinga/SP,1,0.0,No earmark
São Sebastião/SP,2,0.0,No earmark
Severínia/SP,1,0.0,No earmark
Socorro/SP,2,0.0,No earmark
Sorocaba/SP,3,0.0,No earmark
Sumaré/SP,1,0.0,No earmark
Tabapuã/SP,1,0.0,No earmark
Taboão da Serra/SP,1,0.0,No earmark
Tanabi/SP,3,0.0,No earmark
Tatuí/SP,2,0.0,No earmark
Taubaté/SP,1,0.0,No earmark
Terra Roxa/SP,1,0.0,No earmark
Tuiuti/SP,2,0.0,No earmark
Turmalina/SP,1,0.0,No earmark
Ubatuba/SP,2,0.0,No earmark
Uru/SP,1,0.0,No earmark
Valinhos/SP,8,0.0,No earmark
Várzea Paulista/SP,1,0.0,No earmark
Altamira do Paraná/PR,1,0.0,No earmark
Altônia/PR,1,0.0,No earmark
Alto Paraná/PR,2,0.0,No earmark
Alto Piquiri/PR,1,0.0,No earmark
Ampére/PR,1,0.0,No earmark
Antonina/PR,1,0.0,No earmark
Araruna/PR,2,0.0,No earmark
Ariranha do Ivaí/PR,1,0.0,No earmark
Assaí/PR,1,0.0,No earmark
Bandeirantes/PR,2,0.0,No earmark
Barracão/PR,2,0.0,No earmark
Bituruna/PR,2,0.0,No earmark
Boa Esperança do Iguaçu/PR,1,0.0,No earmark
Bom Sucesso do Sul/PR,1,0.0,No earmark
Brasilândia do Sul/PR,1,0.0,No earmark
Cafezal do Sul/PR,2,0.0,No earmark
Campina do Simão/PR,1,0.0,No earmark
Campo Largo/PR,8,0.0,No earmark
Cândido de Abreu/PR,2,0.0,No earmark
Candói/PR,1,0.0,No earmark
Cantagalo/PR,2,0.0,No earmark
Capanema/PR,1,0.0,No earmark
Capitão Leônidas Marques/PR,1,0.0,No earmark
Castro/PR,1,0.0,No earmark
Clevelândia/PR,1,0.0,No earmark
Colorado/PR,1,0.0,No earmark
Coronel Vivida/PR,1,0.0,No earmark
Cruzeiro do Iguaçu/PR,1,0.0,No earmark
Cruzeiro do Oeste/PR,2,0.0,No earmark
Cruzeiro do Sul/PR,1,0.0,No earmark
Cruz Machado/PR,1,0.0,No earmark
Curitiba/PR,11,0.0,No earmark
Diamante do Sul/PR,1,0.0,No earmark
Dois Vizinhos/PR,3,0.0,No earmark
Enéas Marques/PR,1,0.0,No earmark
Espigão Alto do Iguaçu/PR,1,0.0,No earmark
Francisco Alves/PR,1,0.0,No earmark
General Carneiro/PR,2,0.0,No earmark
Goioxim/PR,2,0.0,No earmark
Guamiranga/PR,1,0.0,No earmark
Guaratuba/PR,2,0.0,No earmark
Honório Serpa/PR,1,0.0,No earmark
Imbituva/PR,1,0.0,No earmark
Inácio Martins/PR,1,0.0,No earmark
Ipiranga/PR,2,0.0,No earmark
Iporã/PR,1,0.0,No earmark
Irati/PR,1,0.0,No earmark
Iretama/PR,1,0.0,No earmark
Ivaí/PR,2,0.0,No earmark
Juranda/PR,1,0.0,No earmark
Lapa/PR,1,0.0,No earmark
Laranjal/PR,1,0.0,No earmark
Laranjeiras do Sul/PR,1,0.0,No earmark
Lindoeste/PR,1,0.0,No earmark
Londrina/PR,3,0.0,No earmark
Mallet/PR,1,0.0,No earmark
Manfrinópolis/PR,1,0.0,No earmark
Manoel Ribas/PR,1,0.0,No earmark
Marquinho/PR,1,0.0,No earmark
Matinhos/PR,1,0.0,No earmark
Mato Rico/PR,1,0.0,No earmark
Medianeira/PR,1,0.0,No earmark
Morretes/PR,2,0.0,No earmark
Nova Cantu/PR,1,0.0,No earmark
Nova Esperança do Sudoeste/PR,1,0.0,No earmark
Nova Laranjeiras/PR,1,0.0,No earmark
Nova Prata do Iguaçu/PR,1,0.0,No earmark
Nova Tebas/PR,1,0.0,No earmark
Ouro Verde do Oeste/PR,1,0.0,No earmark
Palmas/PR,1,0.0,No earmark
Palmeira/PR,1,0.0,No earmark
Palmital/PR,1,0.0,No earmark
Paranaguá/PR,1,0.0,No earmark
Paranavaí/PR,1,0.0,No earmark
Pato Branco/PR,2,0.0,No earmark
Paula Freitas/PR,1,0.0,No earmark
Paulo Frontin/PR,1,0.0,No earmark
Pérola/PR,1,0.0,No earmark
Pérola D`Oeste/PR,2,0.0,No earmark
Pinhão/PR,1,0.0,No earmark
Piraí do Sul/PR,2,0.0,No earmark
Pitanga/PR,1,0.0,No earmark
Planalto/PR,2,0.0,No earmark
Pontal do Paraná/PR,1,0.0,No earmark
Porto Amazonas/PR,1,0.0,No earmark
Porto Barreiro/PR,1,0.0,No earmark
Porto Vitória/PR,1,0.0,No earmark
Primeiro de Maio/PR,1,0.0,No earmark
Prudentópolis/PR,3,0.0,No earmark
Quedas do Iguaçu/PR,2,0.0,No earmark
Querência do Norte/PR,1,0.0,No earmark
Realeza/PR,1,0.0,No earmark
Rebouças/PR,2,0.0,No earmark
Ribeirão do Pinhal/PR,1,0.0,No earmark
Rio Azul/PR,2,0.0,No earmark
Rio Bonito do Iguaçu/PR,1,0.0,No earmark
Rio Branco do Sul/PR,1,0.0,No earmark
Rio Negro/PR,1,0.0,No earmark
Roncador/PR,3,0.0,No earmark
Salgado Filho/PR,1,0.0,No earmark
Salto do Lontra/PR,1,0.0,No earmark
Santa Cruz de Monte Castelo/PR,2,0.0,No earmark
Santa Izabel do Oeste/PR,1,0.0,No earmark
Santa Maria do Oeste/PR,2,0.0,No earmark
Santana do Itararé/PR,1,0.0,No earmark
Santo Antônio da Platina/PR,1,0.0,No earmark
Santo Antônio do Sudoeste/PR,2,0.0,No earmark
São João/PR,1,0.0,No earmark
São João do Ivaí/PR,1,0.0,No earmark
São João do Triunfo/PR,1,0.0,No earmark
São José dos Pinhais/PR,1,0.0,No earmark
São Mateus do Sul/PR,1,0.0,No earmark
São Miguel do Iguaçu/PR,1,0.0,No earmark
São Sebastião da Amoreira/PR,1,0.0,No earmark
Sulina/PR,1,0.0,No earmark
Tibagi/PR,3,0.0,No earmark
Tijucas do Sul/PR,1,0.0,No earmark
Tunas do Paraná/PR,1,0.0,No earmark
União da Vitória/PR,2,0.0,No earmark
Verê/PR,1,0.0,No earmark
Virmond/PR,1,0.0,No earmark
Abdon Batista/SC,3,0.0,No earmark
Abelardo Luz/SC,1,0.0,No earmark
Agrolândia/SC,8,0.0,No earmark
Agronômica/SC,6,0.0,No earmark
Água Doce/SC,4,0.0,No earmark
Águas de Chapecó/SC,1,0.0,No earmark
Águas Frias/SC,1,0.0,No earmark
Águas Mornas/SC,6,0.0,No earmark
Alfredo Wagner/SC,3,0.0,No earmark
Alto Bela Vista/SC,1,0.0,No earmark
Anchieta/SC,5,0.0,No earmark
Angelina/SC,3,0.0,No earmark
Anita Garibaldi/SC,3,0.0,No earmark
Anitápolis/SC,6,0.0,No earmark
Antônio Carlos/SC,2,0.0,No earmark
Apiúna/SC,3,0.0,No earmark
Arabutã/SC,1,0.0,No earmark
Araquari/SC,7,0.0,No earmark
Araranguá/SC,4,0.0,No earmark
Armazém/SC,3,0.0,No earmark
Arroio Trinta/SC,1,0.0,No earmark
Arvoredo/SC,4,0.0,No earmark
Ascurra/SC,13,0.0,No earmark
Atalanta/SC,4,0.0,No earmark
Aurora/SC,5,0.0,No earmark
Balneário Camboriú/SC,11,0.0,No earmark
Balneário Barra do Sul/SC,7,0.0,No earmark
Balneário Gaivota/SC,4,0.0,No earmark
Barra Bonita/SC,11,0.0,No earmark
Barra Velha/SC,7,0.0,No earmark
Bela Vista do Toldo/SC,5,0.0,No earmark
Belmonte/SC,4,0.0,No earmark
Benedito Novo/SC,4,0.0,No earmark
Biguaçu/SC,6,0.0,No earmark
Blumenau/SC,5,0.0,No earmark
Bocaina do Sul/SC,16,0.0,No earmark
Bom Jardim da Serra/SC,3,0.0,No earmark
Bom Jesus/SC,3,0.0,No earmark
Bom Jesus do Oeste/SC,1,0.0,No earmark
Bom Retiro/SC,14,0.0,No earmark
Botuverá/SC,7,0.0,No earmark
Braço do Norte/SC,3,0.0,No earmark
Braço do Trombudo/SC,7,0.0,No earmark
Brunópolis/SC,3,0.0,No earmark
Brusque/SC,15,340000.0,Received
Caçador/SC,4,0.0,No earmark
Caibi/SC,2,0.0,No earmark
Camboriú/SC,7,0.0,No earmark
Capão Alto/SC,5,0.0,No earmark
Campo Alegre/SC,8,0.0,No earmark
Campo Belo do Sul/SC,6,0.0,No earmark
Campo Erê/SC,10,0.0,No earmark
Campos Novos/SC,1,0.0,No earmark
Canelinha/SC,3,0.0,No earmark
Canoinhas/SC,11,0.0,No earmark
Capinzal/SC,2,0.0,No earmark
Capivari de Baixo/SC,3,0.0,No earmark
Catanduvas/SC,3,0.0,No earmark
Celso Ramos/SC,3,0.0,No earmark
Cerro Negro/SC,4,0.0,No earmark
Chapadão do Lageado/SC,5,0.0,No earmark
Chapecó/SC,5,0.0,No earmark
Cocal do Sul/SC,3,0.0,No earmark
Concórdia/SC,7,0.0,No earmark
Coronel Freitas/SC,3,0.0,No earmark
Corupá/SC,9,0.0,No earmark
Correia Pinto/SC,5,0.0,No earmark
Cunha Porã/SC,4,0.0,No earmark
Curitibanos/SC,2,0.0,No earmark
Descanso/SC,2,0.0,No earmark
Dionísio Cerqueira/SC,6,0.0,No earmark
Dona Emma/SC,8,0.0,No earmark
Doutor Pedrinho/SC,3,0.0,No earmark
Entre Rios/SC,2,0.0,No earmark
Ermo/SC,4,0.0,No earmark
Erval Velho/SC,1,0.0,No earmark
Faxinal dos Guedes/SC,6,0.0,No earmark
Flor do Sertão/SC,7,0.0,No earmark
Florianópolis/SC,7,0.0,No earmark
Forquilhinha/SC,4,0.0,No earmark
Fraiburgo/SC,4,0.0,No earmark
Frei Rogério/SC,3,382000.0,Received
Garopaba/SC,2,0.0,No earmark
Garuva/SC,2,0.0,No earmark
Gaspar/SC,7,0.0,No earmark
Governador Celso Ramos/SC,3,0.0,No earmark
Grão Pará/SC,1,0.0,No earmark
Gravatal/SC,3,0.0,No earmark
Guaraciaba/SC,3,0.0,No earmark
Guaramirim/SC,4,0.0,No earmark
Guarujá do Sul/SC,3,0.0,No earmark
Guatambú/SC,4,0.0,No earmark
Herval D`Oeste/SC,4,0.0,No earmark
Ibiam/SC,8,0.0,No earmark
Ibicaré/SC,5,0.0,No earmark
Ibirama/SC,7,0.0,No earmark
Içara/SC,8,0.0,No earmark
Ilhota/SC,4,0.0,No earmark
Imaruí/SC,6,0.0,No earmark
Imbituba/SC,6,0.0,No earmark
Imbuia/SC,5,0.0,No earmark
Indaial/SC,13,0.0,No earmark
Iomerê/SC,2,0.0,No earmark
Ipira/SC,4,0.0,No earmark
Iporã do Oeste/SC,2,0.0,No earmark
Ipuaçu/SC,3,0.0,No earmark
Ipumirim/SC,3,0.0,No earmark
Irani/SC,3,0.0,No earmark
Irati/SC,2,0.0,No earmark
Irineópolis/SC,5,0.0,No earmark
Itá/SC,3,0.0,No earmark
Itaiópolis/SC,3,0.0,No earmark
Itajaí/SC,5,0.0,No earmark
Itapema/SC,3,0.0,No earmark
Itapiranga/SC,1,0.0,No earmark
Itapoá/SC,5,0.0,No earmark
Ituporanga/SC,7,0.0,No earmark
Jaborá/SC,5,0.0,No earmark
Jacinto Machado/SC,8,0.0,No earmark
Jaguaruna/SC,4,0.0,No earmark
Jaraguá do Sul/SC,4,0.0,No earmark
Jardinópolis/SC,4,0.0,No earmark
Joaçaba/SC,1,0.0,No earmark
Joinville/SC,11,0.0,No earmark
José Boiteux/SC,2,0.0,No earmark
Jupiá/SC,4,0.0,No earmark
Lacerdópolis/SC,1,0.0,No earmark
Lages/SC,7,0.0,No earmark
Laguna/SC,3,0.0,No earmark
Lajeado Grande/SC,4,0.0,No earmark
Laurentino/SC,1,0.0,No earmark
Lauro Muller/SC,6,0.0,No earmark
Lebon Régis/SC,3,0.0,No earmark
Leoberto Leal/SC,6,0.0,No earmark
Lindóia do Sul/SC,3,0.0,No earmark
Lontras/SC,3,0.0,No earmark
Luiz Alves/SC,7,0.0,No earmark
Luzerna/SC,2,0.0,No earmark
Macieira/SC,3,0.0,No earmark
Mafra/SC,24,0.0,No earmark
Major Gercino/SC,2,0.0,No earmark
Major Vieira/SC,5,0.0,No earmark
Maracajá/SC,2,0.0,No earmark
Maravilha/SC,4,0.0,No earmark
Marema/SC,1,0.0,No earmark
Massaranduba/SC,5,0.0,No earmark
Matos Costa/SC,3,0.0,No earmark
Meleiro/SC,3,0.0,No earmark
Mirim Doce/SC,3,0.0,No earmark
Modelo/SC,1,0.0,No earmark
Mondaí/SC,2,0.0,No earmark
Monte Carlo/SC,2,0.0,No earmark
Monte Castelo/SC,3,0.0,No earmark
Morro da Fumaça/SC,2,0.0,No earmark
Morro Grande/SC,5,0.0,No earmark
Navegantes/SC,1,0.0,No earmark
Nova Itaberaba/SC,2,0.0,No earmark
Nova Trento/SC,6,0.0,No earmark
Nova Veneza/SC,2,0.0,No earmark
Orleans/SC,11,0.0,No earmark
Otacílio Costa/SC,4,0.0,No earmark
Ouro/SC,2,0.0,No earmark
Ouro Verde/SC,1,0.0,No earmark
Paial/SC,1,0.0,No earmark
Painel/SC,2,0.0,No earmark
Palhoça/SC,6,0.0,No earmark
Palma Sola/SC,4,0.0,No earmark
Palmeira/SC,7,0.0,No earmark
Palmitos/SC,5,0.0,No earmark
Papanduva/SC,2,0.0,No earmark
Paraíso/SC,1,0.0,No earmark
Passo de Torres/SC,2,0.0,No earmark
Passos Maia/SC,1,0.0,No earmark
Paulo Lopes/SC,5,0.0,No earmark
Pedras Grandes/SC,2,0.0,No earmark
Peritiba/SC,1,0.0,No earmark
Pescaria Brava/SC,7,0.0,No earmark
Petrolândia/SC,3,0.0,No earmark
Balneário Piçarras/SC,2,0.0,No earmark
Pinheiro Preto/SC,3,0.0,No earmark
Piratuba/SC,1,0.0,No earmark
Planalto Alegre/SC,2,0.0,No earmark
Pomerode/SC,4,0.0,No earmark
Ponte Alta/SC,1,0.0,No earmark
Ponte Alta do Norte/SC,2,0.0,No earmark
Ponte Serrada/SC,3,0.0,No earmark
Porto Belo/SC,3,0.0,No earmark
Porto União/SC,4,0.0,No earmark
Pouso Redondo/SC,8,0.0,No earmark
Praia Grande/SC,10,0.0,No earmark
Presidente Castello Branco/SC,5,0.0,No earmark
Presidente Getúlio/SC,3,0.0,No earmark
Presidente Nereu/SC,2,0.0,No earmark
Princesa/SC,4,0.0,No earmark
Quilombo/SC,2,0.0,No earmark
Rancho Queimado/SC,1,0.0,No earmark
Rio das Antas/SC,3,0.0,No earmark
Rio do Campo/SC,1,0.0,No earmark
Rio do Oeste/SC,2,0.0,No earmark
Rio dos Cedros/SC,3,0.0,No earmark
Rio do Sul/SC,8,0.0,No earmark
Rio Fortuna/SC,2,0.0,No earmark
Rio Negrinho/SC,4,0.0,No earmark
Rio Rufino/SC,14,0.0,No earmark
Riqueza/SC,6,0.0,No earmark
Rodeio/SC,9,0.0,No earmark
Romelândia/SC,3,0.0,No earmark
Salete/SC,2,0.0,No earmark
Saltinho/SC,4,0.0,No earmark
Salto Veloso/SC,1,0.0,No earmark
Sangão/SC,1,0.0,No earmark
Santa Cecília/SC,5,0.0,No earmark
Santa Helena/SC,3,0.0,No earmark
Santa Rosa do Sul/SC,6,0.0,No earmark
Santa Terezinha/SC,10,0.0,No earmark
Santa Terezinha do Progresso/SC,5,0.0,No earmark
Santiago do Sul/SC,2,0.0,No earmark
Santo Amaro da Imperatriz/SC,6,0.0,No earmark
São Bernardino/SC,1,0.0,No earmark
São Bento do Sul/SC,9,0.0,No earmark
São Bonifácio/SC,3,0.0,No earmark
São Carlos/SC,4,0.0,No earmark
São Cristovão do Sul/SC,2,0.0,No earmark
São Domingos/SC,3,0.0,No earmark
São Francisco do Sul/SC,3,0.0,No earmark
São João do Oeste/SC,3,0.0,No earmark
São João Batista/SC,7,0.0,No earmark
São João do Itaperiú/SC,4,0.0,No earmark
São João do Sul/SC,9,0.0,No earmark
São Joaquim/SC,4,0.0,No earmark
São José/SC,1,0.0,No earmark
São José do Cedro/SC,10,0.0,No earmark
São José do Cerrito/SC,6,0.0,No earmark
São Lourenço do Oeste/SC,1,0.0,No earmark
São Ludgero/SC,1,0.0,No earmark
São Martinho/SC,3,0.0,No earmark
São Miguel da Boa Vista/SC,2,0.0,No earmark
São Miguel do Oeste/SC,2,0.0,No earmark
São Pedro de Alcântara/SC,8,0.0,No earmark
Saudades/SC,4,0.0,No earmark
Schroeder/SC,3,0.0,No earmark
Seara/SC,3,0.0,No earmark
Siderópolis/SC,4,0.0,No earmark
Sombrio/SC,8,0.0,No earmark
Sul Brasil/SC,2,0.0,No earmark
Taió/SC,3,0.0,No earmark
Tangará/SC,7,0.0,No earmark
Tijucas/SC,2,0.0,No earmark
Timbé do Sul/SC,5,0.0,No earmark
Timbó/SC,6,0.0,No earmark
Timbó Grande/SC,3,0.0,No earmark
Três Barras/SC,12,0.0,No earmark
Treviso/SC,3,0.0,No earmark
Treze Tílias/SC,8,0.0,No earmark
Trombudo Central/SC,2,0.0,No earmark
Tubarão/SC,5,0.0,No earmark
Tunápolis/SC,6,0.0,No earmark
Turvo/SC,5,0.0,No earmark
União do Oeste/SC,2,0.0,No earmark
Urubici/SC,9,0.0,No earmark
Urupema/SC,2,0.0,No earmark
Urussanga/SC,8,0.0,No earmark
Vargeão/SC,3,0.0,No earmark
Vargem/SC,7,0.0,No earmark
Vidal Ramos/SC,2,0.0,No earmark
Videira/SC,4,0.0,No earmark
Vitor Meireles/SC,2,0.0,No earmark
Witmarsum/SC,5,0.0,No earmark
Xanxerê/SC,3,0.0,No earmark
Xavantina/SC,4,0.0,No earmark
Xaxim/SC,1,0.0,No earmark
Zortéa/SC,1,0.0,No earmark
Balneário Rincão/SC,1,0.0,No earmark
Aceguá/RS,1,0.0,No earmark
Agudo/RS,6,0.0,No earmark
Ajuricaba/RS,3,0.0,No earmark
Alecrim/RS,2,0.0,No earmark
Alegrete/RS,8,0.0,No earmark
Alegria/RS,1,0.0,No earmark
Almirante Tamandaré do Sul/RS,1,0.0,No earmark
Alpestre/RS,1,0.0,No earmark
Alto Alegre/RS,2,0.0,No earmark
Alto Feliz/RS,4,0.0,No earmark
Alvorada/RS,5,0.0,No earmark
Amaral Ferrador/RS,6,0.0,No earmark
Ametista do Sul/RS,3,0.0,No earmark
André da Rocha/RS,2,0.0,No earmark
Anta Gorda/RS,3,0.0,No earmark
Antônio Prado/RS,2,0.0,No earmark
Arambaré/RS,5,0.0,No earmark
Araricá/RS,6,0.0,No earmark
Aratiba/RS,3,0.0,No earmark
Arroio do Meio/RS,3,0.0,No earmark
Arroio do Padre/RS,1,0.0,No earmark
Arroio dos Ratos/RS,2,0.0,No earmark
Arroio do Tigre/RS,5,0.0,No earmark
Arroio Grande/RS,4,0.0,No earmark
Arvorezinha/RS,4,0.0,No earmark
Augusto Pestana/RS,1,0.0,No earmark
Áurea/RS,2,0.0,No earmark
Bagé/RS,2,0.0,No earmark
Balneário Pinhal/RS,2,0.0,No earmark
Barão/RS,4,0.0,No earmark
Barão de Cotegipe/RS,5,0.0,No earmark
Barão do Triunfo/RS,3,0.0,No earmark
Barracão/RS,1,0.0,No earmark
Barra do Guarita/RS,2,0.0,No earmark
Barra do Quaraí/RS,1,0.0,No earmark
Barra do Ribeiro/RS,6,0.0,No earmark
Barra do Rio Azul/RS,5,0.0,No earmark
Barra Funda/RS,2,0.0,No earmark
Barros Cassal/RS,7,0.0,No earmark
Benjamin Constant do Sul/RS,3,0.0,No earmark
Bento Gonçalves/RS,5,0.0,No earmark
Boa Vista das Missões/RS,2,0.0,No earmark
Boa Vista do Cadeado/RS,1,0.0,No earmark
Boa Vista do Incra/RS,2,0.0,No earmark
Boa Vista do Sul/RS,3,0.0,No earmark
Bom Jesus/RS,2,0.0,No earmark
Bom Princípio/RS,3,0.0,No earmark
Bom Progresso/RS,2,0.0,No earmark
Bom Retiro do Sul/RS,7,0.0,No earmark
Boqueirão do Leão/RS,5,0.0,No earmark
Bossoroca/RS,2,0.0,No earmark
Bozano/RS,1,0.0,No earmark
Braga/RS,2,0.0,No earmark
Brochier/RS,3,0.0,No earmark
Butiá/RS,1,0.0,No earmark
Caçapava do Sul/RS,4,0.0,No earmark
Cacequi/RS,4,0.0,No earmark
Cachoeira do Sul/RS,8,0.0,No earmark
Cachoeirinha/RS,4,0.0,No earmark
Cacique Doble/RS,4,0.0,No earmark
Caibaté/RS,1,0.0,No earmark
Caiçara/RS,2,0.0,No earmark
Camaquã/RS,6,0.0,No earmark
Camargo/RS,2,0.0,No earmark
Campestre da Serra/RS,2,0.0,No earmark
Campina das Missões/RS,3,0.0,No earmark
Campinas do Sul/RS,4,0.0,No earmark
Campo Bom/RS,3,0.0,No earmark
Campo Novo/RS,1,0.0,No earmark
Campos Borges/RS,5,0.0,No earmark
Candelária/RS,4,0.0,No earmark
Cândido Godói/RS,3,0.0,No earmark
Candiota/RS,3,0.0,No earmark
Canela/RS,1,0.0,No earmark
Canguçu/RS,6,0.0,No earmark
Canoas/RS,7,200000.0,Received
Canudos do Vale/RS,3,0.0,No earmark
Capão Bonito do Sul/RS,3,0.0,No earmark
Capão da Canoa/RS,1,0.0,No earmark
Capão do Cipó/RS,6,0.0,No earmark
Capão do Leão/RS,2,0.0,No earmark
Capivari do Sul/RS,1,0.0,No earmark
Capela de Santana/RS,1,0.0,No earmark
Capitão/RS,2,0.0,No earmark
Carazinho/RS,1,0.0,No earmark
Caraá/RS,5,0.0,No earmark
Carlos Barbosa/RS,4,0.0,No earmark
Carlos Gomes/RS,2,0.0,No earmark
Casca/RS,2,0.0,No earmark
Catuípe/RS,1,0.0,No earmark
Caxias do Sul/RS,7,0.0,No earmark
Centenário/RS,5,0.0,No earmark
Cerrito/RS,3,0.0,No earmark
Cerro Branco/RS,3,0.0,No earmark
Cerro Grande/RS,5,0.0,No earmark
Cerro Grande do Sul/RS,4,0.0,No earmark
Cerro Largo/RS,2,0.0,No earmark
Chapada/RS,3,0.0,No earmark
Charqueadas/RS,4,0.0,No earmark
Charrua/RS,2,0.0,No earmark
Chiapetta/RS,2,0.0,No earmark
Chuí/RS,1,0.0,No earmark
Chuvisca/RS,6,0.0,No earmark
Cidreira/RS,1,0.0,No earmark
Ciríaco/RS,2,0.0,No earmark
Colinas/RS,4,0.0,No earmark
Colorado/RS,2,0.0,No earmark
Condor/RS,1,0.0,No earmark
Constantina/RS,2,0.0,No earmark
Coqueiro Baixo/RS,2,0.0,No earmark
Coqueiros do Sul/RS,1,0.0,No earmark
Coronel Barros/RS,1,0.0,No earmark
Coronel Bicaco/RS,2,0.0,No earmark
Coronel Pilar/RS,3,0.0,No earmark
Cotiporã/RS,4,0.0,No earmark
Coxilha/RS,3,0.0,No earmark
Crissiumal/RS,3,0.0,No earmark
Cristal/RS,5,0.0,No earmark
Cristal do Sul/RS,2,0.0,No earmark
Cruz Alta/RS,3,0.0,No earmark
Cruzaltense/RS,2,0.0,No earmark
Cruzeiro do Sul/RS,4,0.0,No earmark
David Canabarro/RS,3,0.0,No earmark
Derrubadas/RS,2,0.0,No earmark
Dezesseis de Novembro/RS,3,0.0,No earmark
Dilermando de Aguiar/RS,5,0.0,No earmark
Dois Irmãos/RS,2,0.0,No earmark
Dois Irmãos das Missões/RS,2,0.0,No earmark
Dois Lajeados/RS,2,0.0,No earmark
Dom Feliciano/RS,5,0.0,No earmark
Dom Pedro de Alcântara/RS,4,0.0,No earmark
Dom Pedrito/RS,4,0.0,No earmark
Dona Francisca/RS,6,0.0,No earmark
Doutor Maurício Cardoso/RS,3,0.0,No earmark
Doutor Ricardo/RS,3,0.0,No earmark
Eldorado do Sul/RS,9,0.0,No earmark
Encantado/RS,3,0.0,No earmark
Encruzilhada do Sul/RS,4,0.0,No earmark
Engenho Velho/RS,3,0.0,No earmark
Entre-Ijuís/RS,3,0.0,No earmark
Entre Rios do Sul/RS,2,0.0,No earmark
Erebango/RS,2,0.0,No earmark
Erechim/RS,7,0.0,No earmark
Herval/RS,2,0.0,No earmark
Erval Grande/RS,3,0.0,No earmark
Erval Seco/RS,3,0.0,No earmark
Esmeralda/RS,1,0.0,No earmark
Esperança do Sul/RS,2,0.0,No earmark
Espumoso/RS,6,0.0,No earmark
Estação/RS,4,0.0,No earmark
Estância Velha/RS,3,0.0,No earmark
Esteio/RS,5,150000.0,Received
Estrela/RS,4,200000.0,Received
Estrela Velha/RS,3,0.0,No earmark
Eugênio de Castro/RS,2,0.0,No earmark
Fagundes Varela/RS,1,0.0,No earmark
Farroupilha/RS,3,0.0,No earmark
Faxinal do Soturno/RS,5,0.0,No earmark
Faxinalzinho/RS,2,0.0,No earmark
Fazenda Vilanova/RS,1,0.0,No earmark
Feliz/RS,4,0.0,No earmark
Flores da Cunha/RS,1,0.0,No earmark
Floriano Peixoto/RS,3,0.0,No earmark
Fontoura Xavier/RS,1,0.0,No earmark
Formigueiro/RS,3,0.0,No earmark
Forquetinha/RS,2,0.0,No earmark
Fortaleza dos Valos/RS,2,0.0,No earmark
Frederico Westphalen/RS,3,0.0,No earmark
Garibaldi/RS,3,0.0,No earmark
Garruchos/RS,2,0.0,No earmark
Gaurama/RS,2,0.0,No earmark
General Câmara/RS,6,0.0,No earmark
Gentil/RS,6,0.0,No earmark
Getúlio Vargas/RS,3,0.0,No earmark
Giruá/RS,2,0.0,No earmark
Glorinha/RS,3,0.0,No earmark
Gramado/RS,5,0.0,No earmark
Gramado dos Loureiros/RS,2,0.0,No earmark
Gramado Xavier/RS,3,0.0,No earmark
Gravataí/RS,8,0.0,No earmark
Guabiju/RS,1,0.0,No earmark
Guaíba/RS,3,0.0,No earmark
Guaporé/RS,3,0.0,No earmark
Guarani das Missões/RS,1,0.0,No earmark
Harmonia/RS,6,0.0,No earmark
Herveiras/RS,1,0.0,No earmark
Horizontina/RS,1,0.0,No earmark
Hulha Negra/RS,4,0.0,No earmark
Humaitá/RS,1,0.0,No earmark
Ibarama/RS,4,0.0,No earmark
Ibiaçá/RS,4,0.0,No earmark
Ibiraiaras/RS,2,0.0,No earmark
Ibirapuitã/RS,3,0.0,No earmark
Ibirubá/RS,1,0.0,No earmark
Igrejinha/RS,6,0.0,No earmark
Ijuí/RS,2,0.0,No earmark
Ilópolis/RS,3,0.0,No earmark
Imigrante/RS,7,0.0,No earmark
Independência/RS,2,0.0,No earmark
Inhacorá/RS,1,0.0,No earmark
Ipê/RS,2,0.0,No earmark
Ipiranga do Sul/RS,3,0.0,No earmark
Iraí/RS,3,0.0,No earmark
Itaara/RS,4,0.0,No earmark
Itacurubi/RS,2,0.0,No earmark
Itapuca/RS,3,0.0,No earmark
Itaqui/RS,4,0.0,No earmark
Itati/RS,5,0.0,No earmark
Itatiba do Sul/RS,2,0.0,No earmark
Ivorá/RS,2,0.0,No earmark
Ivoti/RS,2,0.0,No earmark
Jaboticaba/RS,3,0.0,No earmark
Jacuizinho/RS,4,0.0,No earmark
Jacutinga/RS,3,0.0,No earmark
Jaguarão/RS,6,0.0,No earmark
Jaguari/RS,5,0.0,No earmark
Jaquirana/RS,2,0.0,No earmark
Jari/RS,2,0.0,No earmark
Jóia/RS,3,0.0,No earmark
Júlio de Castilhos/RS,5,0.0,No earmark
Lagoa Bonita do Sul/RS,3,0.0,No earmark
Lagoão/RS,3,0.0,No earmark
Lagoa dos Três Cantos/RS,2,0.0,No earmark
Lagoa Vermelha/RS,5,0.0,No earmark
Lajeado/RS,14,0.0,No earmark
Lajeado do Bugre/RS,1,0.0,No earmark
Lavras do Sul/RS,2,0.0,No earmark
Liberato Salzano/RS,3,0.0,No earmark
Lindolfo Collor/RS,3,0.0,No earmark
Linha Nova/RS,1,0.0,No earmark
Machadinho/RS,1,0.0,No earmark
Maçambará/RS,2,0.0,No earmark
Mampituba/RS,2,0.0,No earmark
Manoel Viana/RS,3,0.0,No earmark
Maquiné/RS,4,0.0,No earmark
Maratá/RS,3,0.0,No earmark
Marau/RS,3,0.0,No earmark
Marcelino Ramos/RS,7,0.0,No earmark
Mariana Pimentel/RS,1,0.0,No earmark
Mariano Moro/RS,2,0.0,No earmark
Marques de Souza/RS,3,0.0,No earmark
Mata/RS,5,0.0,No earmark
Mato Castelhano/RS,3,0.0,No earmark
Mato Leitão/RS,1,0.0,No earmark
Mato Queimado/RS,1,0.0,No earmark
Maximiliano de Almeida/RS,4,0.0,No earmark
Minas do Leão/RS,1,0.0,No earmark
Miraguaí/RS,2,0.0,No earmark
Montauri/RS,1,0.0,No earmark
Monte Alegre dos Campos/RS,1,0.0,No earmark
Monte Belo do Sul/RS,3,0.0,No earmark
Montenegro/RS,5,0.0,No earmark
Mormaço/RS,2,0.0,No earmark
Morrinhos do Sul/RS,5,0.0,No earmark
Morro Redondo/RS,2,0.0,No earmark
Morro Reuter/RS,2,0.0,No earmark
Mostardas/RS,4,0.0,No earmark
Muçum/RS,3,0.0,No earmark
Muitos Capões/RS,1,0.0,No earmark
Muliterno/RS,2,0.0,No earmark
Não-Me-Toque/RS,2,0.0,No earmark
Nicolau Vergueiro/RS,2,0.0,No earmark
Nonoai/RS,5,0.0,No earmark
Nova Alvorada/RS,2,0.0,No earmark
Nova Araçá/RS,1,0.0,No earmark
Nova Bassano/RS,2,0.0,No earmark
Nova Boa Vista/RS,3,0.0,No earmark
Nova Bréscia/RS,1,0.0,No earmark
Nova Esperança do Sul/RS,3,0.0,No earmark
Nova Hartz/RS,2,0.0,No earmark
Nova Pádua/RS,2,0.0,No earmark
Nova Palma/RS,7,0.0,No earmark
Nova Petrópolis/RS,3,0.0,No earmark
Nova Prata/RS,2,0.0,No earmark
Nova Ramada/RS,1,0.0,No earmark
Nova Roma do Sul/RS,4,0.0,No earmark
Nova Santa Rita/RS,5,0.0,No earmark
Novo Cabrais/RS,2,0.0,No earmark
Novo Hamburgo/RS,7,0.0,No earmark
Novo Machado/RS,2,0.0,No earmark
Novo Tiradentes/RS,2,0.0,No earmark
Novo Xingu/RS,2,0.0,No earmark
Novo Barreiro/RS,4,0.0,No earmark
Osório/RS,2,0.0,No earmark
Paim Filho/RS,2,0.0,No earmark
Palmares do Sul/RS,1,0.0,No earmark
Palmeira das Missões/RS,4,0.0,No earmark
Palmitinho/RS,2,0.0,No earmark
Panambi/RS,4,0.0,No earmark
Pantano Grande/RS,4,0.0,No earmark
Paraí/RS,3,0.0,No earmark
Paraíso do Sul/RS,5,0.0,No earmark
Pareci Novo/RS,6,0.0,No earmark
Parobé/RS,6,0.0,No earmark
Passa Sete/RS,9,0.0,No earmark
Passo do Sobrado/RS,3,0.0,No earmark
Passo Fundo/RS,2,0.0,No earmark
Paulo Bento/RS,2,0.0,No earmark
Paverama/RS,3,0.0,No earmark
Pedras Altas/RS,2,0.0,No earmark
Pedro Osório/RS,2,0.0,No earmark
Pejuçara/RS,1,0.0,No earmark
Pelotas/RS,4,0.0,No earmark
Picada Café/RS,3,0.0,No earmark
Pinhal/RS,2,0.0,No earmark
Pinhal Grande/RS,3,0.0,No earmark
Pinheirinho do Vale/RS,2,0.0,No earmark
Pinheiro Machado/RS,9,0.0,No earmark
Pinto Bandeira/RS,1,0.0,No earmark
Pirapó/RS,2,0.0,No earmark
Piratini/RS,4,0.0,No earmark
Planalto/RS,3,0.0,No earmark
Poço das Antas/RS,2,0.0,No earmark
Pontão/RS,2,0.0,No earmark
Ponte Preta/RS,5,0.0,No earmark
Portão/RS,2,0.0,No earmark
Porto Alegre/RS,7,0.0,No earmark
Porto Lucena/RS,2,0.0,No earmark
Porto Mauá/RS,2,0.0,No earmark
Porto Vera Cruz/RS,3,0.0,No earmark
Porto Xavier/RS,4,0.0,No earmark
Pouso Novo/RS,2,0.0,No earmark
Presidente Lucena/RS,3,0.0,No earmark
Progresso/RS,2,0.0,No earmark
Protásio Alves/RS,2,0.0,No earmark
Putinga/RS,4,0.0,No earmark
Quaraí/RS,2,0.0,No earmark
Quatro Irmãos/RS,1,0.0,No earmark
Quevedos/RS,4,0.0,No earmark
Quinze de Novembro/RS,2,0.0,No earmark
Redentora/RS,2,0.0,No earmark
Relvado/RS,4,0.0,No earmark
Restinga Seca/RS,3,0.0,No earmark
Rio dos Índios/RS,2,0.0,No earmark
Rio Grande/RS,5,0.0,No earmark
Rio Pardo/RS,3,0.0,No earmark
Riozinho/RS,3,0.0,No earmark
Roca Sales/RS,7,0.0,No earmark
Rodeio Bonito/RS,2,0.0,No earmark
Rolador/RS,1,0.0,No earmark
Rolante/RS,3,0.0,No earmark
Ronda Alta/RS,3,0.0,No earmark
Rondinha/RS,2,0.0,No earmark
Roque Gonzales/RS,1,0.0,No earmark
Rosário do Sul/RS,3,0.0,No earmark
Sagrada Família/RS,3,0.0,No earmark
Saldanha Marinho/RS,1,0.0,No earmark
Salto do Jacuí/RS,1,0.0,No earmark
Salvador das Missões/RS,1,0.0,No earmark
Salvador do Sul/RS,3,0.0,No earmark
Sananduva/RS,3,0.0,No earmark
Santa Bárbara do Sul/RS,2,0.0,No earmark
Santa Clara do Sul/RS,2,0.0,No earmark
Santa Cruz do Sul/RS,2,0.0,No earmark
Santa Maria/RS,10,0.0,No earmark
Santa Maria do Herval/RS,3,0.0,No earmark
Santa Margarida do Sul/RS,3,0.0,No earmark
Santana da Boa Vista/RS,3,0.0,No earmark
Sant`Ana do Livramento/RS,1,0.0,No earmark
Santa Rosa/RS,1,0.0,No earmark
Santa Tereza/RS,6,0.0,No earmark
Santa Vitória do Palmar/RS,5,0.0,No earmark
Santiago/RS,4,0.0,No earmark
Santo Ângelo/RS,4,0.0,No earmark
Santo Antônio do Palma/RS,3,0.0,No earmark
Santo Antônio da Patrulha/RS,8,0.0,No earmark
Santo Antônio das Missões/RS,1,0.0,No earmark
Santo Augusto/RS,2,0.0,No earmark
Santo Cristo/RS,2,0.0,No earmark
Santo Expedito do Sul/RS,4,0.0,No earmark
São Borja/RS,4,0.0,No earmark
São Domingos do Sul/RS,3,0.0,No earmark
São Francisco de Assis/RS,4,0.0,No earmark
São Francisco de Paula/RS,2,0.0,No earmark
São Gabriel/RS,2,0.0,No earmark
São Jerônimo/RS,4,0.0,No earmark
São João da Urtiga/RS,3,0.0,No earmark
São João do Polêsine/RS,3,0.0,No earmark
São Jorge/RS,2,0.0,No earmark
São José das Missões/RS,2,0.0,No earmark
São José do Herval/RS,2,0.0,No earmark
São José do Hortêncio/RS,3,0.0,No earmark
São José do Inhacorá/RS,1,0.0,No earmark
São José do Norte/RS,5,0.0,No earmark
São José do Ouro/RS,2,0.0,No earmark
São José do Sul/RS,3,0.0,No earmark
São José dos Ausentes/RS,2,0.0,No earmark
São Leopoldo/RS,4,0.0,No earmark
São Lourenço do Sul/RS,5,0.0,No earmark
São Luiz Gonzaga/RS,1,0.0,No earmark
São Marcos/RS,2,0.0,No earmark
São Martinho/RS,1,0.0,No earmark
São Martinho da Serra/RS,5,0.0,No earmark
São Miguel das Missões/RS,2,0.0,No earmark
São Nicolau/RS,2,0.0,No earmark
São Paulo das Missões/RS,1,0.0,No earmark
São Pedro da Serra/RS,1,0.0,No earmark
São Pedro das Missões/RS,2,0.0,No earmark
São Pedro do Butiá/RS,1,0.0,No earmark
São Pedro do Sul/RS,2,0.0,No earmark
São Sebastião do Caí/RS,5,0.0,No earmark
São Sepé/RS,9,0.0,No earmark
São Valentim/RS,2,0.0,No earmark
São Valentim do Sul/RS,3,0.0,No earmark
São Valério do Sul/RS,2,0.0,No earmark
São Vendelino/RS,5,0.0,No earmark
São Vicente do Sul/RS,5,0.0,No earmark
Sapiranga/RS,5,0.0,No earmark
Sapucaia do Sul/RS,4,0.0,No earmark
Sarandi/RS,1,0.0,No earmark
Seberi/RS,3,0.0,No earmark
Sede Nova/RS,2,0.0,No earmark
Segredo/RS,3,0.0,No earmark
Selbach/RS,1,0.0,No earmark
Senador Salgado Filho/RS,2,0.0,No earmark
Sentinela do Sul/RS,3,0.0,No earmark
Serafina Corrêa/RS,3,0.0,No earmark
Sério/RS,2,0.0,No earmark
Sertão/RS,3,0.0,No earmark
Sertão Santana/RS,1,0.0,No earmark
Sete de Setembro/RS,1,0.0,No earmark
Severiano de Almeida/RS,2,0.0,No earmark
Silveira Martins/RS,3,0.0,No earmark
Sinimbu/RS,3,0.0,No earmark
Sobradinho/RS,4,0.0,No earmark
Soledade/RS,2,0.0,No earmark
Tabaí/RS,2,0.0,No earmark
Tapera/RS,1,0.0,No earmark
Tapes/RS,4,0.0,No earmark
Taquara/RS,7,0.0,No earmark
Taquari/RS,5,0.0,No earmark
Taquaruçu do Sul/RS,2,0.0,No earmark
Tavares/RS,2,0.0,No earmark
Tenente Portela/RS,2,0.0,No earmark
Terra de Areia/RS,3,0.0,No earmark
Teutônia/RS,3,0.0,No earmark
Tio Hugo/RS,1,0.0,No earmark
Tiradentes do Sul/RS,2,0.0,No earmark
Toropi/RS,3,0.0,No earmark
Torres/RS,2,0.0,No earmark
Travesseiro/RS,2,0.0,No earmark
Três Arroios/RS,3,0.0,No earmark
Três Cachoeiras/RS,4,0.0,No earmark
Três Coroas/RS,3,0.0,No earmark
Três de Maio/RS,3,0.0,No earmark
Três Forquilhas/RS,4,0.0,No earmark
Três Palmeiras/RS,1,0.0,No earmark
Três Passos/RS,2,0.0,No earmark
Trindade do Sul/RS,2,0.0,No earmark
Triunfo/RS,3,0.0,No earmark
Tucunduva/RS,2,0.0,No earmark
Tunas/RS,3,0.0,No earmark
Tupanci do Sul/RS,2,0.0,No earmark
Tupanciretã/RS,4,0.0,No earmark
Tupandi/RS,3,0.0,No earmark
Tuparendi/RS,1,0.0,No earmark
Turuçu/RS,3,0.0,No earmark
Ubiretama/RS,2,0.0,No earmark
União da Serra/RS,2,0.0,No earmark
Unistalda/RS,1,0.0,No earmark
Uruguaiana/RS,5,0.0,No earmark
Vacaria/RS,2,0.0,No earmark
Vale Verde/RS,4,0.0,No earmark
Vale do Sol/RS,1,0.0,No earmark
Vale Real/RS,3,0.0,No earmark
Vanini/RS,1,0.0,No earmark
Venâncio Aires/RS,4,0.0,No earmark
Vera Cruz/RS,2,0.0,No earmark
Veranópolis/RS,3,0.0,No earmark
Vespasiano Correa/RS,3,0.0,No earmark
Viadutos/RS,3,0.0,No earmark
Viamão/RS,2,0.0,No earmark
Vicente Dutra/RS,2,0.0,No earmark
Victor Graeff/RS,1,0.0,No earmark
Vila Flores/RS,1,0.0,No earmark
Vila Maria/RS,3,0.0,No earmark
Vila Nova do Sul/RS,2,0.0,No earmark
Vista Alegre/RS,3,0.0,No earmark
Vista Alegre do Prata/RS,1,0.0,No earmark
Vista Gaúcha/RS,2,0.0,No earmark
Vitória das Missões/RS,1,0.0,No earmark
Westfalia/RS,3,0.0,No earmark
Água Clara/MS,5,0.0,No earmark
Amambai/MS,3,0.0,No earmark
Antônio João/MS,2,0.0,No earmark
Aquidauana/MS,3,0.0,No earmark
Aral Moreira/MS,1,0.0,No earmark
Bataguassu/MS,3,0.0,No earmark
Batayporã/MS,3,0.0,No earmark
Bela Vista/MS,5,0.0,No earmark
Bodoquena/MS,5,0.0,No earmark
Bonito/MS,2,0.0,No earmark
Campo Grande/MS,16,0.0,No earmark
Corguinho/MS,2,0.0,No earmark
Coronel Sapucaia/MS,10,0.0,No earmark
Corumbá/MS,2,0.0,No earmark
Coxim/MS,5,0.0,No earmark
Deodápolis/MS,3,0.0,No earmark
Dourados/MS,3,0.0,No earmark
Eldorado/MS,3,0.0,No earmark
Guia Lopes da Laguna/MS,1,0.0,No earmark
Iguatemi/MS,3,0.0,No earmark
Inocência/MS,1,0.0,No earmark
Itaquiraí/MS,2,0.0,No earmark
Ivinhema/MS,3,0.0,No earmark
Japorã/MS,3,0.0,No earmark
Jaraguari/MS,1,0.0,No earmark
Jardim/MS,4,0.0,No earmark
Juti/MS,7,0.0,No earmark
Ladário/MS,1,0.0,No earmark
Maracaju/MS,1,0.0,No earmark
Miranda/MS,2,0.0,No earmark
Mundo Novo/MS,3,0.0,No earmark
Naviraí/MS,2,0.0,No earmark
Nioaque/MS,23,0.0,No earmark
Paranhos/MS,2,0.0,No earmark
Pedro Gomes/MS,1,0.0,No earmark
Ponta Porã/MS,3,0.0,No earmark
Porto Murtinho/MS,1,0.0,No earmark
Ribas do Rio Pardo/MS,1,0.0,No earmark
Rio Verde de Mato Grosso/MS,8,0.0,No earmark
Santa Rita do Pardo/MS,1,0.0,No earmark
São Gabriel do Oeste/MS,1,0.0,No earmark
Sete Quedas/MS,2,0.0,No earmark
Sidrolândia/MS,3,0.0,No earmark
Sonora/MS,3,0.0,No earmark
Tacuru/MS,3,0.0,No earmark
Três Lagoas/MS,9,0.0,No earmark
Vicentina/MS,1,0.0,No earmark
Água Boa/MT,1,0.0,No earmark
Alto Paraguai/MT,2,0.0,No earmark
Aripuanã/MT,5,0.0,No earmark
Barão de Melgaço/MT,1,0.0,No earmark
Barra do Garças/MT,1,0.0,No earmark
Cáceres/MT,2,0.0,No earmark
Chapada dos Guimarães/MT,3,0.0,No earmark
Cláudia/MT,1,0.0,No earmark
Colniza/MT,5,0.0,No earmark
Confresa/MT,1,0.0,No earmark
Cuiabá/MT,2,2000000.0,Received
General Carneiro/MT,1,0.0,No earmark
Itanhangá/MT,3,0.0,No earmark
Juara/MT,1,0.0,No earmark
Juruena/MT,1,0.0,No earmark
Juscimeira/MT,1,0.0,No earmark
Lucas do Rio Verde/MT,1,0.0,No earmark
Luciara/MT,2,0.0,No earmark
Nobres/MT,1,0.0,No earmark
Nossa Senhora do Livramento/MT,2,0.0,No earmark
Nova Bandeirantes/MT,3,0.0,No earmark
Nova Nazaré/MT,1,0.0,No earmark
Nova Brasilândia/MT,1,0.0,No earmark
Nova Olímpia/MT,1,0.0,No earmark
Paranatinga/MT,1,0.0,No earmark
Novo Santo Antônio/MT,1,0.0,No earmark
Peixoto de Azevedo/MT,1,0.0,No earmark
Poconé/MT,1,0.0,No earmark
Porto Alegre do Norte/MT,1,0.0,No earmark
Rio Branco/MT,1,0.0,No earmark
São José do Rio Claro/MT,1,0.0,No earmark
Rondonópolis/MT,1,0.0,No earmark
Salto do Céu/MT,1,0.0,No earmark
São Félix do Araguaia/MT,1,0.0,No earmark
Sinop/MT,1,0.0,No earmark
Sorriso/MT,3,0.0,No earmark
Tabaporã/MT,1,0.0,No earmark
Tangará da Serra/MT,2,0.0,No earmark
Tapurah/MT,1,0.0,No earmark
União do Sul/MT,1,0.0,No earmark
Várzea Grande/MT,2,14000000.0,Received
Vila Rica/MT,3,0.0,No earmark
Águas Lindas de Goiás/GO,1,0.0,No earmark
Alvorada do Norte/GO,1,0.0,No earmark
Anápolis/GO,1,0.0,No earmark
Anicuns/GO,1,0.0,No earmark
Aparecida de Goiânia/GO,2,0.0,No earmark
Caldas Novas/GO,2,0.0,No earmark
Campinaçu/GO,1,0.0,No earmark
Cavalcante/GO,1,0.0,No earmark
Corumbá de Goiás/GO,1,0.0,No earmark
Faina/GO,1,0.0,No earmark
Flores de Goiás/GO,1,0.0,No earmark
Formosa/GO,2,0.0,No earmark
Goiânia/GO,4,0.0,No earmark
Guarinos/GO,3,0.0,No earmark
Iaciara/GO,1,0.0,No earmark
Itaberaí/GO,1,0.0,No earmark
Itumbiara/GO,1,0.0,No earmark
Luziânia/GO,5,0.0,No earmark
Mambaí/GO,1,0.0,No earmark
Mineiros/GO,5,0.0,No earmark
Morrinhos/GO,1,0.0,No earmark
Novo Gama/GO,2,0.0,No earmark
Planaltina/GO,2,0.0,No earmark
Posse/GO,1,0.0,No earmark
Rubiataba/GO,1,0.0,No earmark
Santa Terezinha de Goiás/GO,1,0.0,No earmark
Santo Antônio do Descoberto/GO,4,0.0,No earmark
São Simão/GO,1,0.0,No earmark
Senador Canedo/GO,2,0.0,No earmark
Simolândia/GO,1,0.0,No earmark
Uirapuru/GO,2,0.0,No earmark
Uruana/GO,1,0.0,No earmark
Valparaíso de Goiás/GO,1,0.0,No earmark
Brasília/DF,1,0.0,No earmark
